ARTIST,ALBUM,CURRENT,GENRE,CONTENT TAGS,NOTES,LINK,ADDED,RELEASE DATE,LABEL
Rhaina Yasmin,Magician,1068,indie/rock/alt,,,https://rhainayasmin.bandcamp.com/album/magician,1/6/2026,11/28/2025,
silhouette,silhouette,6021,indie/rock/alt,,,https://xsilhouettex.bandcamp.com/album/silhouette,1/6/2026,11/21/2025,
Buzz Kull,Deep Hate,3027,electronic,,,https://buzzkull.bandcamp.com/album/deep-hate,1/5/2026,2/13/2026,
River Honey,Black Crows,1060,indie/rock/alt,"singles club,local,cancon,femcon",,https://www.youtube.com/@RiverHoney_/featured,1/5/2026,1/9/2026,
Dry Cleaning,Secret Love,1061,indie/rock/alt,femcon,,https://drycleaning.bandcamp.com/album/secret-love,1/5/2026,1/9/2026,
Winnie Richards,Hold On To Your Memory,1067,indie/rock/alt,"cancon,femcon",,https://winnierichards.bandcamp.com/album/hold-on-to-your-memory,1/5/2026,1/4/2026,
Beholder,Prisonniers de l'Abîme,6019,loud,"cancon,francophone",,https://beholderqc.bandcamp.com/album/prisonniers-de-lab-me,1/5/2026,12/22/2025,
River Tiber,Spirals,3026,electronic,cancon,,https://rivertiber.bandcamp.com/album/spirals,1/5/2026,12/19/2025,
Theo Bleak,Bargaining,1062,indie/rock/alt,,,https://theobleak.bandcamp.com/album/bargaining,1/5/2026,12/18/2025,
HEALTH,CONFLICT DLC,3028,electronic,,,https://youwillloveeachother.bandcamp.com/album/conflict-dlc,1/5/2026,12/11/2025,
Beth and Blue,Take It All,2023,folk/blues,femcon,,https://bethandbluemusic.bandcamp.com/album/take-it-all,1/5/2026,12/4/2025,
NONTHEWISER,Injustice for all,6018,loud,,,https://nonthewiser.bandcamp.com/album/injustice-for-all,1/5/2026,11/20/2025,
Horse Chops,Hinterland EP,1065,indie/rock/alt,cancon,,https://horsechops.bandcamp.com/album/hinterland-ep,1/5/2026,11/18/2025,
The Slackers,Money is King,7008,world,,,https://theslackers.bandcamp.com/album/money-is-king,1/5/2026,11/7/2025,
Kelcey Ayer,Hand Me Downs EP,1059,indie/rock/alt,,,https://kelceyayer.bandcamp.com/album/hand-me-downs-ep,1/5/2026,11/6/2025,
Anastasia Coope,DOT,9004,classical/ost/experimental,femcon,,https://anastasiacoope.bandcamp.com/album/dot,1/5/2026,10/31/2025,
Scorching Tomb,Ossuary,6020,loud,cancon,,https://scorchingtomb.bandcamp.com/album/ossuary,1/5/2026,10/24/2025,
Jane Inc.,A RUPTURE A CANYON A BIRTH,1064,indie/rock/alt,"cancon,femcon",,https://janeinc.bandcamp.com/album/a-rupture-a-canyon-a-birth,1/5/2026,10/17/2025,
Sam Kaiser,Two Tries,2024,folk/blues,cancon,,https://samkaiser.bandcamp.com/album/two-tries,1/5/2026,10/9/2025,
Good Dear Good,sook,1063,indie/rock/alt,,,https://gooddeargood.bandcamp.com/album/sook,1/5/2026,9/26/2025,
Joe Policastro Trio,Mending Wall,8010,jazz,,,https://joepolicastrotrio.bandcamp.com/album/mending-wall,1/5/2026,9/19/2025,
NEW YORK,Push,1066,indie/rock/alt,femcon,,https://nypop.bandcamp.com/album/push,1/5/2026,9/12/2025,
Vulgaires Machins,Contempler l'abîme,1057,indie/rock/alt,"cancon,francophone",,https://lesvulgairesmachins.bandcamp.com/album/contempler-lab-me,12/19/2025,11/14/2025,Costume Records
Elaquent,Excursion,3020,electronic,cancon,,https://elaquent.bandcamp.com/album/excursion,12/19/2025,11/7/2025,
Josh Garrels,Peace To All Who Enter Here - Volume 2,2019,folk/blues,,,https://joshgarrels.bandcamp.com/album/peace-to-all-who-enter-here-volume-2,12/19/2025,11/7/2025,Small Voice
the Mountain Goats,Through This Fire Across From Peter Balkan,2020,folk/blues,,,https://themountaingoats.bandcamp.com/album/through-this-fire-across-from-peter-balkan,12/19/2025,11/7/2025,The Orchard
Armand Hammer & The Alchemist,Mercy,4011,hip-hop,,,https://armandhammer.bandcamp.com/album/mercy,12/19/2025,11/7/2025,Backwoodz Studioz
SML,How You Been,8009,jazz,,,https://intlanthem.bandcamp.com/album/how-you-been,12/19/2025,11/7/2025,International Anthem Recording Co.
tennyson,aka,3022,electronic,cancon,,https://tennyson.bandcamp.com/album/aka,12/19/2025,11/7/2025,
undersaken,Fleeting Visitant,3019,electronic,cancon,,https://undersaken.bandcamp.com/album/fleeting-visitant,12/19/2025,11/6/2025,
Hiss Golden Messenger,Seven Dollars: a Benefit for North Carolina Food Assistance,2018,folk/blues,,,https://hissgoldenmessenger.bandcamp.com/album/seven-dollars-a-benefit-for-north-carolina-food-assistance,12/19/2025,11/5/2025,Merge Records
Primordial Serpent,At War With the Empyrean,6017,loud,cancon,,https://primordialserpent.bandcamp.com/album/at-war-with-the-empyrean,12/19/2025,11/4/2025,
Mr. Bill,Mr. Melanzana,3021,electronic,,,https://mrbill.bandcamp.com/album/mr-melanzana,12/19/2025,11/3/2025,Mr. Bill’s Tunes
Desirée Dawson,Beholder,2017,folk/blues,cancon,,https://desiree-dawson.bandcamp.com/album/beholder,12/19/2025,11/2/2025,
The Boojums,The Boojums,1058,indie/rock/alt,"cancon,femcon",,https://theboojums.bandcamp.com/album/the-boojums,12/19/2025,10/31/2025,Having Fun Records
Ada Rook,59 NIGHTS,3023,electronic,"cancon,femcon",,https://adarook.bandcamp.com/album/59-nights,12/19/2025,10/31/2025,TRUE PORTAL
The Weather Station,Airport & Only The Truth,2021,folk/blues,"cancon,femcon",,https://theweatherstation.bandcamp.com/album/airport-only-the-truth,12/19/2025,10/30/2025,Fat Possum Records
Cousin & Priori,Fly In Amber,3025,electronic,cancon,,https://naffrecordings.bandcamp.com/album/fly-in-amber,12/19/2025,10/30/2025,NAFF
Tortoise,Touch,1056,indie/rock/alt,,,https://intlanthem.bandcamp.com/album/touch,12/19/2025,10/24/2025,International Anthem Recording Co.
The Tear Garden,Astral Elevator,3024,electronic,cancon,,https://brap.bandcamp.com/album/astral-elevator,12/19/2025,10/24/2025,Artoffact Records
The Pairs,Together on a Rock,2022,folk/blues,"cancon,femcon",,https://thepairs.bandcamp.com/album/together-on-a-rock,12/19/2025,10/22/2025,Infinity Cat Recordings
TEED,Always With Me,3018,electronic,,,https://t-e-e-d.bandcamp.com/album/always-with-me,12/10/2025,12/5/2025,Nice Age
Dove Ellis,Blizzard,1053,indie/rock/alt,,,https://doveellis.bandcamp.com/album/blizzard,12/10/2025,12/5/2025,AMF Records
Melody's Echo Chamber,Unclouded,1054,indie/rock/alt,,,https://melodysechochamber.bandcamp.com/album/unclouded,12/10/2025,12/5/2025,Weird World
Lettuce,Cook,5015,funk/soul/r&b,,,https://lettuce.bandcamp.com/album/cook,12/10/2025,12/3/2025,Lettuce Records
MAVI,The Pilot,4009,hip-hop,,,https://mavi.bandcamp.com/album/the-pilot,12/10/2025,11/25/2025,Loma Vista Recordings
Honey Dijon,The Nightlife - After Dark EP,3017,electronic,femcon,,https://honeydijon.bandcamp.com/album/the-nightlife-after-dark-ep,12/10/2025,11/21/2025,SOS
Bicep,CHROMA 000,3016,electronic,,,https://bicep.bandcamp.com/album/chroma-000?search_item_id%3D4195161359%26search_item_type%3Da%26search_match_part%3D%253F%26search_page_id%3D4918478620%26search_page_no%3D0%26search_rank%3D2=,12/10/2025,11/14/2025,CHROMA
TOBi x Real Bad Man,The Perfect Blue,4010,hip-hop,,,https://open.spotify.com/album/5oFNCUF7KpN1TOdnmNWloI?si=cfwkCMmsScKc98FEJt_gHw,12/10/2025,11/14/2025,
Whitney,Small Talk,2015,folk/blues,,,https://whitneychicago.bandcamp.com/album/small-talk,12/10/2025,11/7/2025,
hemlock,Orange Streak Glow,2016,folk/blues,,,https://hemlock.bandcamp.com/album/orange-streak-glow,12/10/2025,11/7/2025,
Cain Culto,occulto 001,1050,indie/rock/alt,,,https://open.spotify.com/album/73k0b3NgGbs7eqSfeARLWy?si=Egubf3xxQDmPbK6ld9dDQw,12/10/2025,10/31/2025,Hive Music Ltd
Avatar,Don't Go In The Forest,6011,loud,,,https://open.spotify.com/album/2YMsJDgdWSmK85B2FnvjXh?si=KEG6qcbBTdOYG3YLb8E8HQ,12/10/2025,10/31/2025,Black Waltz AB
Creeper,Sanguivore II: Mistress of Death,6012,loud,,,https://creeperband.bandcamp.com/album/sanguivore-ii-mistress-of-death,12/10/2025,10/31/2025,Spinefarm Records
Primitive Man,Observance,6014,loud,,,https://primitivemandoom.bandcamp.com/album/observance,12/10/2025,10/31/2025,
YUUF,Mt. Sava,7007,world,,,https://yuuf.bandcamp.com/album/mt-sava,12/10/2025,10/29/2025,Technicolour
Downswing,And Everything Was Dark,6013,loud,,,https://downswing.bandcamp.com/album/and-everything-was-dark,12/10/2025,10/24/2025,MNRK Heavy
Sumo Cyco,NEON VOID,6016,loud,,,https://open.spotify.com/album/7EcnhnTlfynxncv9Eriwcs?si=rv_CNhyMRnGPWcxnWqPK6w,12/10/2025,10/24/2025,Cyco City Records
Speed,ALL MY ANGELS,6015,loud,,,https://flatspotrecords.bandcamp.com/album/fsr89-all-my-angels,12/10/2025,10/23/2025,Last Ride Records
True Blue,Star Witness,1055,indie/rock/alt,,,https://true-blue.bandcamp.com/album/star-witness,12/10/2025,10/17/2025,
The Mommyheads,No Quietus,1052,indie/rock/alt,,,https://mommyheads.bandcamp.com/album/no-quietus,12/10/2025,10/3/2025,Geffen Records
Venna,MALIK,5016,funk/soul/r&b,,,https://venna.bandcamp.com/album/malik,12/10/2025,9/5/2025,Cashmere Thoughts
One Hundred Moons,Black Avalanche,1049,indie/rock/alt,"cancon,jammer pick",,https://onehundredmoons.bandcamp.com/album/black-avalanche,12/9/2025,11/16/2025,
Julianna Riolino,Echo in the Dust,2014,folk/blues,"cancon,femcon,jammer pick",,https://juliannariolinosings.bandcamp.com/album/echo-in-the-dust,12/9/2025,10/24/2025,
Salt of the Chief Cornerstone,"Blood, Salt and Tears",6010,loud,"cancon,local,jammer pick",,https://open.spotify.com/artist/4ugUcp6NSQXsCRt3y5JQPa,12/9/2025,9/4/2025,Royal Music
Bog Sorcery,"Bog Sorcery 1: If I’m Not There to Receive These Ideas, God Might Give Them to Prince",4008,hip-hop,cancon,,https://swamp-magic.bandcamp.com/album/bog-sorcery-1-if-i-m-not-there-to-receive-these-ideas-god-might-give-them-to-prince,12/8/2025,12/5/2025,
Kevin Asher and The Barnburners,The Bonds We Break,2013,folk/blues,cancon,,https://kevinasher.bandcamp.com/album/the-bonds-we-break,12/8/2025,12/5/2025,Vanguard Sound
ctznshp,Lost Loves (A Collection Of Rarities),1045,indie/rock/alt,cancon,,https://citizenship.bandcamp.com/album/lost-loves-a-collection-of-rarities,12/8/2025,12/5/2025,
stef.in,Nightmares,1046,indie/rock/alt,cancon,,https://stefin.bandcamp.com/album/nightmares,12/8/2025,11/28/2025,V-Neck House Music Group
Ellemetue,Anticiper vos souvenirs,1047,indie/rock/alt,"cancon,femcon,francophone",,https://ellemetue.bandcamp.com/album/anticiper-vos-souvenirs,12/8/2025,11/28/2025,Les disques laurentiens
The Belair Lip Bombs,Again,1048,indie/rock/alt,femcon,,https://thebelairlipbombs.bandcamp.com/album/again,12/8/2025,10/31/2025,
Mercyland,Mercyland,1035,indie/rock/alt,,,https://mercyland-athens.bandcamp.com/album/mercyland,12/4/2025,12/5/2025,
Ólöf Arnalds,Spíra,2012,folk/blues,femcon,,https://olofarnalds.bandcamp.com/album/sp-ra,12/4/2025,12/5/2025,One Little Indian Records
Bluhm,Mostly Forever,1034,indie/rock/alt,"detroit,femcon",,https://open.spotify.com/album/0YlPGFNh7PgufzHaBIGAwD,12/4/2025,12/2/2025,Fluid Audio
Duid,Let's Duid,9003,classical/ost/experimental,,,https://duid.bandcamp.com/album/lets-duid,12/4/2025,11/28/2025,Incognito Records
Mareya,Glitter Tears,1039,indie/rock/alt,femcon,,https://open.spotify.com/album/0NdKYwq2WecA62O2Lq3E0E?si=P8ebqLAZQiemSHWg_Ky9zw,12/4/2025,11/28/2025,Equity Distribution
Johnny 99,Mr. Lonely,2010,folk/blues,cancon,,https://open.spotify.com/album/0B3l4trJQFjQg7ZkTcXm7U?si=0cRVVzyjRSK6xg8HhdD38A,12/4/2025,11/27/2025,
TUSH,Heavy Weather,3015,electronic,cancon,,https://tushdisco.bandcamp.com/album/heavy-weather,12/4/2025,11/21/2025,Columbia
JMMR,Resistance is Fertile,3007,electronic,,,https://nublu.bandcamp.com/album/resistance-is-fertile,12/4/2025,11/14/2025,Nublu Records
Carences,Violences,6009,loud,"cancon,francophone",,https://carences.bandcamp.com/album/violences,12/4/2025,11/14/2025,Electroménager
"Jake Xerxes Fussell, James Elkington",Rebuilding,2011,folk/blues,,,https://jakexerxesfussell.bandcamp.com/album/rebuilding,12/4/2025,11/14/2025,Fat Possum Records
Men Without Hats,Men Without Hats On The Moon,3014,electronic,cancon,,https://menwithouthats.bandcamp.com/album/men-without-hats-on-the-moon,12/4/2025,11/14/2025,Shocore Music Inc.
Tiberius,Troubadour,1040,indie/rock/alt,,,https://tiberiuswright.bandcamp.com/album/troubadour-2,12/4/2025,11/14/2025,Audio Antihero
The Give 'Em Hell Boys,More Noise In An Already Noisy World,2012,folk/blues,cancon,,https://thegiveemhellboys.bandcamp.com/album/more-noise-in-an-already-noisy-world-2,12/4/2025,11/14/2025,
Los Pulpitos,Octopean Union,3013,electronic,,,https://los-pulpitos.bandcamp.com/album/octopean-union,12/4/2025,11/13/2025,A&M Records
Mindchatter,Giving Up On Words,3010,electronic,,,https://open.spotify.com/album/05E2vuOAf8vZCB8gLIlwlx?si=0qOvN5wiRqurjH-TFndZBg,12/4/2025,11/7/2025,
Cookin' On 3 Burners,Cookin' The Books,5011,funk/soul/r&b,,,https://cookinon3burners.bandcamp.com/album/cookin-the-books-2,12/4/2025,10/31/2025,Soul Messin' Records
Psychedelic Porn Crumpets,Pogo Rodeo,1041,indie/rock/alt,,,https://psychedelicporncrumpets.bandcamp.com/album/pogo-rodeo,12/4/2025,10/31/2025,What Reality? Records
Shad,Start Anew,4007,hip-hop,cancon,,https://shadk.bandcamp.com/album/start-anew-3,12/4/2025,10/31/2025,Secret City Records
Joe Ray McDonald,Cowboy Cake,2009,folk/blues,cancon,,https://joeraymcdonald.bandcamp.com/album/cowboy-cake-2,12/4/2025,10/29/2025,
Brainwasher,39 Lightyears from Heaven,1037,indie/rock/alt,,,https://brainwasher1.bandcamp.com/album/39-lightyears-from-heaven,12/4/2025,10/24/2025,Mothland Records
Kinneret,Field Guide,1038,indie/rock/alt,femcon,,https://kinneretmusic.bandcamp.com/album/field-guide,12/4/2025,10/24/2025,
Kraak & Smaak,Velvet Seas,3012,electronic,,,https://kraaksmaak.bandcamp.com/album/velvet-seas-3,12/4/2025,10/24/2025,Boogie Angst
Didon,Bab El Mdina,7004,world,"cancon,femcon",,https://didon.bandcamp.com/album/bab-el-mdina,12/4/2025,10/20/2025,
Rachel Bobbitt,Swimming Towards The Sand,1042,indie/rock/alt,"cancon,femcon",,https://rachelbobbitt.bandcamp.com/album/swimming-towards-the-sand,12/4/2025,10/17/2025,Concord Records
Silvana Estrada,Vendrán Suaves Lluvias,1043,indie/rock/alt,femcon,,https://open.spotify.com/album/7MJAlq9PJGZJcQRQ53wJna?si=w_3jvRgdRSCuQpYGbu9CXw,12/4/2025,10/17/2025,Glassnote
Roxi Jane,Delusional Baby,1036,indie/rock/alt,femcon,,https://open.spotify.com/album/1ZMGxvo9R5U0L2LEhJqxwz?si=YwcXW7kNRO-GwRp_zEMseQ,12/4/2025,10/16/2025,LVRN
HAAi,HUMANiSE,3009,electronic,femcon,,https://haai.bandcamp.com/album/humanise,12/4/2025,10/10/2025,Mute
NoSo,When Are You Leaving?,1032,indie/rock/alt,,,https://noso.bandcamp.com/album/when-are-you-leaving,12/4/2025,10/10/2025,Partisan Records
The Phenomenal Handclap Band,We Are Worlds Away EP,3008,electronic,femcon,,https://thephenomenalhandclapband.bandcamp.com/album/we-are-worlds-away-ep,12/4/2025,10/3/2025,Toy Tonics
Funkestra,FUNKOPIA,5012,funk/soul/r&b,,,https://redtenbachersfunkestra.bandcamp.com/album/funkopia,12/4/2025,10/3/2025,Wooden Hat Records
Meklit,A Piece of Infinity,8008,jazz,femcon,,https://meklitsings.bandcamp.com/album/a-piece-of-infinity,12/4/2025,9/26/2025,Smithsonian Folkways
Jána,Orbit,1033,indie/rock/alt,femcon,,https://open.spotify.com/album/02N4GkYrEAl9NocCEgBbsm?si=OlG0eJ1_TEu8lUM-qX_5PA,12/4/2025,9/19/2025,ITM Forever LLC
Ousted,How Do You Cope?,6008,loud,,,https://oustedbaltimore.bandcamp.com/album/how-do-you-cope,12/4/2025,9/19/2025,
Yasmine Hamdan,I remember I forget,7006,world,femcon,,https://yasminehamdan.bandcamp.com/album/yasmine-hamdan-i-remember-i-forget,12/4/2025,9/19/2025,Crammed Discs
Kassa Overall,CREAM,4005,hip-hop,,,https://kassaoverall.bandcamp.com/album/cream,12/4/2025,9/12/2025,Warp
Maruja,Pain to Power,1031,indie/rock/alt,,,https://open.spotify.com/album/6wymdowW8HbQ4H3nVs93Hj?si=iMToCL4WQcKgxTO359ZfeA,12/4/2025,9/12/2025,Music for Nations
Paradox Obscur,IKONA,3015,electronic,femcon,,https://paradoxobscur.bandcamp.com/album/ikona,12/4/2025,9/12/2025,Metropolis Records
Steven Bamidele,THE CRASH!,5014,funk/soul/r&b,,,https://stevenbamidele.bandcamp.com/album/the-crash,12/4/2025,9/5/2025,Tru Thoughts
Myd,Mydnight,3011,electronic,,,https://mydsound.bandcamp.com/album/mydnight,12/4/2025,8/29/2025,Ed Banger Records
Kelly Moonstone,New Moon,5013,funk/soul/r&b,femcon,,https://open.spotify.com/album/0lubSwzZxCwYlnmsXU5GOW?si=MQU9vfCQQbu4p2E_12-1_g,12/4/2025,8/22/2025,
Eljuri,Así es el Mundo,7005,world,femcon,,https://open.spotify.com/album/5YphAwPh94kmsmcHzDM1qk?si=Y3sH9xinTvyXGUMfW7sBHw,12/4/2025,8/22/2025,
Emily Hines,These Days,2008,folk/blues,femcon,,https://emilyhines.bandcamp.com/album/these-days,12/4/2025,8/1/2025,Honey Hiive
The Early,Cusp EP,9002,classical/ost/experimental,,,https://theearly.bandcamp.com/album/cusp-ep,12/3/2025,12/3/2025,
Aksak Maboul,Before Aksak Maboul (documents & experiments 1969-1977),9003,classical/ost/experimental,femcon,,https://aksakmaboul.bandcamp.com/album/before-aksak-maboul-documents-experiments-1969-1977,12/3/2025,11/21/2025,Crammed Discs
Amadou & Mariam,L'amour à la folie,7003,world,,,https://amadoumariam.bandcamp.com/album/lamour-la-folie,12/3/2025,10/24/2025,Because Music
Alfa Mist,Roulette,8005,jazz,,,https://alfamist.bandcamp.com/album/roulette,12/3/2025,10/3/2025,
CARRTOONS,Space Cadet,5010,funk/soul/r&b,,,https://carrtoons.bandcamp.com/album/space-cadet,12/3/2025,9/26/2025,+1 Records
Cochemea,Vol. III: Ancestros Futuros,8007,jazz,,,https://cochemea.bandcamp.com/album/vol-iii-ancestros-futuros,12/3/2025,9/26/2025,Daptone Records
ANIMA!,Water,3006,electronic,,,https://animaworldwide.bandcamp.com/album/water,12/3/2025,9/19/2025,
Cut Copy,Moments,1030,indie/rock/alt,,,https://open.spotify.com/album/2noZLRranx54rRKXSvrpim?si=IjLKyzlsQnuCQVp2NbYAsQ,12/3/2025,9/5/2025,Cutters Records
Anna Tivel,Animal Poem,2007,folk/blues,femcon,,https://annativel.bandcamp.com/album/animal-poem,12/3/2025,8/29/2025,Fluff & Gravy
Ami Taf Ra,The Prophet and The Madman,8006,jazz,femcon,,https://amitafra.bandcamp.com/album/the-prophet-and-the-madman,12/3/2025,8/22/2025,Brainfeeder
Anand Wilder,Psychic Lessons,1029,indie/rock/alt,,,https://anandwilder.bandcamp.com/album/psychic-lessons-2,12/3/2025,8/22/2025,Last Gang Records
Danko Jones,Leo Rising,6007,loud,"jammer pick,cancon",Hard rock from Toronto!,https://www.youtube.com/watch?v=aC0tWhwyB2A,11/27/2025,11/21/2025,Sonic Unyon
Crash Richard,Sensitive Devil,5010,funk/soul/r&b,,groovy/jazzy indie pop from LA ,https://crashrichard.bandcamp.com/album/sensitive-devil,11/26/2025,11/28/2025,Satan's Din
Black Helicopter,Balancing Act,6001,loud,,Fuzzy rock/punk from Boston,https://bestbrotherrecords.bandcamp.com/album/black-helicopter-balancing-act,11/26/2025,11/28/2025,
Colleen Power,Colleen Power,2001,folk/blues,"cancon,femcon",Folk/country from St. John's ,https://singsonginc.bandcamp.com/album/colleen-power,11/26/2025,11/26/2025,SuperGood
Brandi Carlile,Returning To Myself,2006,folk/blues,"jammer pick,femcon","Folk/synth rock from an acclaimed artist with a powerful, soulful voice ",https://open.spotify.com/album/3e2Q0TkwIIfmWUAssLAJ8U?si=8FwpWhsSQmW-kzam3tewCg,11/26/2025,11/24/2025,Interscope Records
Bicycle Inn,Long In The Tooth,1001,indie/rock/alt,,Emo/alt rock from Massachusetts ,https://bicycleinn.bandcamp.com/album/long-in-the-tooth,11/26/2025,11/21/2025,
Lance Ferguson,"Rare Groove Spectrum, Vol. 3",5001,funk/soul/r&b,,A lively & uplifting album drawing heavily on 70s jazz funk & disco – straight bangers on this one ,https://lanceferguson.bandcamp.com/album/rare-groove-spectrum-vol-3,11/26/2025,11/21/2025,Tru Thoughts
Florence + The Machine,Everybody Scream,1020,indie/rock/alt,femcon,A classic ,https://open.spotify.com/album/0z7l9VEJyFMv8p8wffRDaF,11/26/2025,11/21/2025,Universal
Siriusmo,Buletten & Blumen,3005,electronic,jammer pick,"Experiments & sketches in dub, funk, idm, & analog synthesizer nostalgia – recommended! ",https://open.spotify.com/album/5x3WN8S89q0zfhqKd9ormh?si=vmnJ_C0lRAWfp_VAZdUb2Q,11/26/2025,11/21/2025,Monkeytown Records
Twin Shadow,Cadet,1021,indie/rock/alt,,LA indie pop fused with synthwave,https://twinshadow.bandcamp.com/album/cadet,11/26/2025,11/20/2025,Cheree Cheree
Marcey Yates,House Rules,4003,hip-hop,,"Fans of soulful, old school hip hop will feel right at home here – recommended! ",https://op2mus.bandcamp.com/album/house-rules,11/26/2025,11/18/2025,Saddle Creek Records
Oliver Night,Between The Lines,5002,funk/soul/r&b,,"Masterful production – a fusion of crisp jazzy house, light breakbeats, & soulful instrumentation from London, UK with great vocal features",https://olivernight.bandcamp.com/album/between-the-lines,11/26/2025,11/14/2025,
Sword II,Electric Hour,1007,indie/rock/alt,femcon,"Warm, fuzzy bedroom rock/shoegaze from Atlanta – recommended",https://swordii.bandcamp.com/album/electric-hour,11/26/2025,11/14/2025,section1
Nightmares On Wax,Echo45 Sound System,3003,electronic,,"Another excellent release from this Warp Records mainstay – a lovely mix of soul, trip-hop, hip-hop, & dub – recommended! ",https://nightmaresonwax.bandcamp.com/album/echo45-sound-system,11/26/2025,11/14/2025,Warp
Gabriel Jacoby,gutta child,5003,funk/soul/r&b,,"Classic, iconic soulful r&b vibes from Tampa, Florida – highly recommended",https://gabrieljacoby.bandcamp.com/album/gutta-child,11/26/2025,11/14/2025,PULSE Records
osquinn/FearDorian,Before You Press Play,4002,hip-hop,,Refreshing leftfield hip-hop – unique bedroom production & loveable aesthetics. Clean edits on Drive,https://open.spotify.com/album/7Hup1Ag3QCioejoNKTmJh0/,11/26/2025,11/14/2025,3500
Helado Negro,The Last Sound On Earth,3002,electronic,,"Experimental but accessible electronic arrangements with latin influences & a loose, pop feel – recommended",https://heladonegro.bandcamp.com/album/the-last-sound-on-earth,11/26/2025,11/7/2025,Big Dada
Danny Brown,Stardust,4001,hip-hop,,"Danny Brown's most experimental, diverse & dynamic release yet. Collaborations with visionary & iconic producers & artists  on almost every track – this is a must-listen for adventurous listeners (clean versions in Drive)",https://dannybrown.bandcamp.com/album/stardust-1,11/26/2025,11/7/2025,Warp
Kennebec,The Water Wheel,2003,folk/blues,,"A highly unique blend of ambient/electronic influences, jazzy folk guitar vibes, & hip-hop. Definitely give this one a listen ",https://kennebec1.bandcamp.com/album/the-water-wheel,11/26/2025,11/7/2025,Rainwatch
Tara Lily,Quiet Nights (Early Takes),1008,indie/rock/alt,femcon,"Hazy, dreamy blend of bedroom pop & jazz from London, UK – don't miss that King Krule feature!",https://taralily.bandcamp.com/album/quiet-nights-early-takes-feat-king-krule,11/26/2025,11/7/2025,Motown
Demae,Deep Dive,5004,funk/soul/r&b,femcon,"Soulful pop/r&b from London, UK – recommended",https://demae.bandcamp.com/album/deep-dive,11/26/2025,11/7/2025,Touching Bass
Westerman,A Jackal's Wedding,1010,indie/rock/alt,,"Experimental/art rock release spanning cinematic ambiance, earnest traditional folk, & chamber pop – recommended",https://westerman.bandcamp.com/album/a-jackals-wedding,11/26/2025,11/7/2025,Partisan Records
Sessa,Pequena Vertigem de Amor,7001,world,,"A trip to paradise from Brazil spanning tropicalia, psychedelia, & mpb – highly recommended! ",https://sessa.bandcamp.com/album/pequena-vertigem-de-amor,11/26/2025,11/7/2025,Mexican Summer
Portugal. The Man,SHISH,1014,indie/rock/alt,,Portugal. The Man's latest release dips deep into energetic rock & roll vibes on this one – recommended indie classic,https://portugaltheman.bandcamp.com/album/shish,11/26/2025,11/7/2025,KNIK
Mavis Staples,Sad And Beautiful World,2004,folk/blues,femcon,Lovely soulful folk/gospel vibes from Chicago – recommended! ,https://mavisstaples.bandcamp.com/album/sad-and-beautiful-world,11/26/2025,11/7/2025,Anti‚Äê
Various Artists,Sounds of Taiwan,9001,classical/ost/experimental,jammer pick,"""Sounds of Taiwan is an ecomusical project created in collaboration with Taiwanese composer Lim Giong. By inviting different musical guests to sample Lim Giong’s field recordings of Taiwan, this album seeks to represent an honest and emotional portrait of Taiwan’s people, religion, and nature through music."" ",https://purepersonpress.bandcamp.com/album/sounds-of-taiwan,11/26/2025,11/7/2025,Kandala Records
ZDAN,SO WHAT!,1026,indie/rock/alt,"jammer pick,femcon",Garage rock/power pop vibes from Nashville – recommended! ,https://brandyzdan.bandcamp.com/album/so-what,11/26/2025,11/7/2025,
Yukimi,Yume,5006,funk/soul/r&b,femcon,"The frontwoman of Little Dragon brings us a super polished solo EP straddling funk, soul, & alt-folk. Highly recommended",https://yukimi.bandcamp.com/album/yume,11/26/2025,11/5/2025,Ninja Tune
Johan Lenox,Full Speed Nowhere,1006,indie/rock/alt,,"Unique, forward thinking pop blending traditional, orchestral samples & futuristic production techniques & vocal processing",https://open.spotify.com/album/2Ut4IwFNYCY41n6oSsn7Rh,11/26/2025,10/31/2025,
Night Teacher,Year of the Snake,1009,indie/rock/alt,femcon,"Chamber pop/folk from Virginia – haunting, beautiful vocals ",https://nightteacher.bandcamp.com/album/year-of-the-snake,11/26/2025,10/31/2025,First City Artists
keiyaA,hooke’s law,5007,funk/soul/r&b,femcon,"A unique, masterful blend of jazz, neo-soul, & electronica from Chicago – highly recommended! ",https://keiyaa.bandcamp.com/album/hooke-s-law,11/26/2025,10/31/2025,XL Recordings
POLI NIKA,Remember Why,8003,jazz,femcon,"Pleasant, soulful, & cheerful vocal jazz",https://open.spotify.com/album/2AGtpxNCeGl0NFaGW1eqrJ?si=McgE_HuFROqSica7NeYQjw&nd=1&dlsi=d01deac05826426c,11/26/2025,10/31/2025,F4TMusic
The Cavemen.,Cavy In The City,7002,world,,"""The band champion a genre called ‘Highlife Fusion’ which is a combination of Highlife, Afrobeat, Jazz and Soul music."" Recommended!",https://open.spotify.com/album/1RMuLxHOH6unGqvqGlzvRa,11/26/2025,10/31/2025,RCA
HighSchool,HighSchool,1024,indie/rock/alt,,Lofi bedroom pop/new wave/post-punk from Melbourne – recommended! ,https://open.spotify.com/album/4lbss43NOjr21GnVNsxUYW?si=LwARrEHKTaujcovHZxp88Q,11/26/2025,10/31/2025,[PIAS] Australia
Heems,A Hundred Alibis,1027,indie/rock/alt,jammer pick,Top notch fuzzed-out psych pop – highly recommended,https://heems.bandcamp.com/album/a-hundred-alibis,11/26/2025,10/31/2025,
TV FREAKS,BLUE GENIE,1023,indie/rock/alt,"jammer pick,cancon",Garage/psych punk from Hamilton – recommended! ,https://teeveefreakzz.bandcamp.com/album/blue-genie,11/26/2025,10/30/2025,Schizophrenic Records
Aesop Rock,I Heard It's A Mess There Too,4004,hip-hop,jammer pick,One of the best in the experimental/conscioius hip-hop scene – recommended! Download not available ,https://aesoprock.bandcamp.com/album/i-heard-its-a-mess-there-too,11/26/2025,10/29/2025,Rhymesayers Entertainment
Primitive Heads,Beak Wyatt!,6002,loud,,Rock/post-punk from California,https://primitiveheadsca.bandcamp.com/album/beak-wyatt,11/26/2025,10/24/2025,
TV Moms,Celebrity Dust,6003,loud,,Brooklyn noise rock – recommended,https://tvmoms.bandcamp.com/album/celebrity-dust,11/26/2025,10/24/2025,Occult Punk Gang
Cautious Clay,The Hours: Night,5005,funk/soul/r&b,,Top notch r&b/pop from New York – dreamy nighttime vibes,https://cautiousclay.bandcamp.com/album/the-hours-night,11/26/2025,10/24/2025,Fantasy
Just Mustard,WE WERE JUST HERE,1011,indie/rock/alt,femcon,"A refreshing take on that dreamy shoegaze/post-rock/punk sound from Dundalk, Ireland – recommended! ",https://justmustard.bandcamp.com/album/we-were-just-here,11/26/2025,10/24/2025,Partisan Records
Hannah Jadagu,Describe,1012,indie/rock/alt,femcon,Indie/alt pop from New York ,https://hannahjadagu.bandcamp.com/album/describe,11/26/2025,10/24/2025,Sub Pop Records
Spiritual Cramp,RUDE,1013,indie/rock/alt,,Garage rock from San Francisco with influences from punk & dub – recommended! ,https://spiritualcramp.bandcamp.com/album/rude,11/26/2025,10/24/2025,Blue Grape Music
Sadie Jean,Early Twenties Torture,1017,indie/rock/alt,femcon,"Catchy, warm folk-pop – recommended",https://open.spotify.com/album/6HNDL6my8XFprSf8KRwaf8,11/26/2025,10/24/2025,
Yazmin Lacey,Teal Dreams,5008,funk/soul/r&b,"jammer pick,femcon","Jazzy r&b from London, UK – fans of Erykah Badu & Lauryn Hill will love it! Recommended. ",https://yazminlacey.bandcamp.com/album/teal-dreams,11/26/2025,10/24/2025,AMF Records
Huron Lines,Overthinker (EP),6006,loud,jammer pick,Enjoy the full release of one of the featured Windsor bands on last month's Singles Club! Great grungy/post-hardcore sound,https://huronlines.bandcamp.com/album/overthinker,11/26/2025,10/24/2025,
Antibalas,Hourglass,8004,jazz,jammer pick,"Fans of groovy, tropical, psychedelic Afro-jazz will love this one – highly recommended ",https://antibalas.bandcamp.com/album/hourglass,11/26/2025,10/24/2025,Daptone Records
Bahamas,My Second Last Album,1028,indie/rock/alt,"jammer pick,cancon",Silky-smooth adult contemporary/AOR/soft rock – recommended! ,https://open.spotify.com/album/1lNhmIl6F1c3G7svc0n2SG?si=q04CSkUiRk2HTafdMlIe5A,11/26/2025,10/24/2025,Brushfire Records
Alice Phoebe Lou,Oblivion,2002,folk/blues,femcon,"Soft, polished, & stripped-down acoustic songs from Berlin, Germany – recommended",https://alicephoebelou.bandcamp.com/album/oblivion,11/26/2025,10/23/2025,
Cosmic Kitten,Cosmic Kitten,6004,loud,femcon,Punk/grunge from LA – recommended! ,https://cosmickitten.bandcamp.com/album/cosmic-kitten,11/26/2025,10/17/2025,Elektra
Linda From Work,Linda From Work,1003,indie/rock/alt,femcon,rock & roll/garage rock from Seattle – recommended,https://lindafromwork.bandcamp.com/album/linda-from-work-2,11/26/2025,10/17/2025,
Carlos Dafe and Adrian Younge,Carlos Dafé JID025,8001,jazz,,"For fans of Adrian Younge/Jazz is Dead stuff, this one is another latin-jazz gem ",https://carlosdafe.bandcamp.com/album/carlos-daf-jid025,11/26/2025,10/17/2025,Jazz Is Dead
Militarie Gun,God Save The Gun,1016,indie/rock/alt,,LA alt rock,https://militariegun.bandcamp.com/album/god-save-the-gun,11/26/2025,10/17/2025,Loma Vista Recordings
Bird Streets,The Escape Artist,1018,indie/rock/alt,,"Fans of 90s/2000s indie (The Shins, Death Cab For Cutie, Radiohead, etc.) will love this one!",https://birdstreets.bandcamp.com/album/the-escape-artist,11/26/2025,10/17/2025,
bar italia,Some Like It Hot,1019,indie/rock/alt,,"London, UK art rock – recommended! ",https://baritalia.bandcamp.com/album/some-like-it-hot,11/26/2025,10/17/2025,Matador
Sudan Archives,THE BPM,3004,electronic,"jammer pick,femcon",Club-oriented pop from LA – recommended! ,https://sudanarchives.bandcamp.com/album/the-bpm,11/26/2025,10/17/2025,Stones Throw Records
"JazzZ, Eye Traveler",Lapis Lazuli,5009,funk/soul/r&b,"jammer pick,femcon","Loose/abstract hip-hop beats fused with a neo-soul feel from Lagos, Nigeria – recommended! ",https://whobejazzz.bandcamp.com/album/lapis-lazuli,11/26/2025,10/17/2025,Old Soul Music
BEL,Holy Grail,1025,indie/rock/alt,femcon,LA indie pop – recommended! ,https://bel-makes-music.bandcamp.com/album/holy-grail,11/26/2025,10/17/2025,Nettwerk Music Group
Broken Sound,DOS,1005,indie/rock/alt,,Alternative rock from LA ,https://brokensound.bandcamp.com/album/dos,11/26/2025,10/10/2025,Rediscus
Niia,V,8002,jazz,femcon,Fantastic soulful vocal jazz tracks – reminds me a lot of Charlotte Day Wilson's collaborations with BBNG! ,https://niia.bandcamp.com/album/v,11/26/2025,10/10/2025,Candid
Melt,Not For Radio,1015,indie/rock/alt,femcon,Ethereal dream pop/bedroom pop – recommended! ,https://open.spotify.com/album/4Arf0rqtYsnJ5hhscuqCLB,11/26/2025,10/10/2025,
False Flowers,FALSE FLOWERS,1004,indie/rock/alt,femcon,"Goth rock from Sacramento, California – excellent mini-LP",https://falseflowers.bandcamp.com/album/false-flowers-s-t-mini-lp,11/26/2025,10/3/2025,Plus 8 Records Ltd.
Say She She,Cut & Rewind,1022,indie/rock/alt,"jammer pick,femcon",Soulful disco funk from Brooklyn – reminds me a lot of CHIC. Highly recommended! ,https://saysheshe.bandcamp.com/album/cut-rewind,11/26/2025,10/3/2025,drink sum wtr
dodie,Not For Lack Of Trying,2005,folk/blues,"jammer pick,femcon",Polished bedroom pop/folk pop from England ,https://open.spotify.com/album/6ogKuILl7vFFCahzxHvFOi,11/26/2025,10/3/2025,Decca Records
Snooper,Worldwide,6005,loud,"jammer pick,femcon",Garage/post-punk from Nashville – recommended! ,https://snooper7.bandcamp.com/album/worldwide,11/26/2025,10/3/2025,Third Man Records
The Crooked Stuff,Darkphased EP,3001,electronic,,Catchy industrial electronic vibes ,https://www.youtube.com/watch?v=PJX_4HaNgXM,11/26/2025,9/19/2025,
The Valery Trails,Winter Palace,1002,indie/rock/alt,,Jangly indie pop/shoegaze from Australia – recommended,https://thevalerytrails.bandcamp.com/album/winter-palace,11/26/2025,8/29/2025,
The Lightning Kids,Love On The Edge Of Desire,1239,,femcon,"""Nostalgic Modern pop music for people who love endless Summer nights, teenage dreams and love-drenched Americana soundtracks.""",https://thelightningkids.bandcamp.com/album/love-on-the-edge-of-desire,11/20/2025,11/21/2025,Aztec Records
S.C.A.B.,Somebody In New York Loves You!,1241,,,Dreamy jangle pop with post-punk influences – recommended! ,https://scabmusic.bandcamp.com/album/somebody-in-new-york-loves-you,11/20/2025,11/21/2025,Grind Select
boutique feelings,"Shwaya, Shwaya",1242,,cancon,Experimental hip hop from Montreal – recommended,https://boutiquefeelings.bandcamp.com/album/shwaya-shwaya,11/20/2025,11/21/2025,Island
"Haley Heynderickx, Max García Conover",What of Our Nature,1245,,femcon,Polished folk songs – fans of Joni Mitchell will enjoy! ,https://haleyheynderickx.bandcamp.com/album/what-of-our-nature,11/20/2025,11/21/2025,Fat Possum Records
Oneohtrix Point Never,Tranquilizer,1247,,,"An excellent futuristic, imaginative soundscape from a visionary in the genre ",https://oneohtrixpointnever.bandcamp.com/album/tranquilizer,11/20/2025,11/21/2025,Warp
Sharp Pins,Balloon Balloon Balloon,1248,,,Jangle pop/garage/surf rock from Chicago – recommended,https://sharppins.bandcamp.com/album/balloon-balloon-balloon-2,11/20/2025,11/21/2025,perennialdeath
Bee Bee Sea,Stanzini Can Be Allright,1251,,,Garage rock from Italy – highly recommended,https://beebeesea.bandcamp.com/album/stanzini-can-be-allright,11/20/2025,11/21/2025,Wild Honey Records
Glitterer,erer,1257,,femcon,"Emo/post-hardcore from Washington, D.C.",https://glitterer.bandcamp.com/album/erer,11/20/2025,11/21/2025,
Sam Salmon & the Grand Manan Bandits,DOWN FOR LIFE,1275,,cancon,Country/americana from New Brunswick – super charming old-school vibe,https://samsalmon.bandcamp.com/album/down-for-life,11/20/2025,11/21/2025,
The xx,xx (Deluxe),1244,,femcon,The returrn of an indie classic ,https://thexx.bandcamp.com/album/xx-deluxe,11/20/2025,11/19/2025,Young
runo plum,patching,1268,,femcon,Dreamy indie folk from Minnesota – recommended! ,https://runoplum.bandcamp.com/album/patching,11/20/2025,11/14/2025,Winspear
AnAkA,CRISIS OF THE CONCRETE,1269,,femcon,"Experimental pop release employing choppy & bassy hip hop production, vocal layers, and skin drum percussion",https://4n4k4.bandcamp.com/album/crisis-of-the-concrete,11/20/2025,11/14/2025,Pineline Music Lab
Kalia Vandever,Another View,1273,,femcon,"A super fresh, intricate, & polished approach to jazz from a Brooklyn-based trombonist – love this one ",https://kaliavandever.bandcamp.com/album/another-view,11/20/2025,11/14/2025,Northern Spy
Shoko Nagai's Forbidden Flowers,Forbidden Flowers,1274,,,Experimental/avant-jazz from New York,https://infrequentseams.bandcamp.com/album/forbidden-flowers,11/20/2025,11/14/2025,Century Media
Hélène Barbier,Panorama,1276,,"cancon,femcon",Unique jangle-pop with an experimental/post-punk edge – highly recommended! ,https://helenebarbier.bandcamp.com/album/panorama,11/20/2025,11/14/2025,Bonsound
Austra,Chin Up Buttercup,1279,,"cancon,femcon",Dips heavy into 80s/90s pop vibes but super fresh & great production – recommended! ,https://austra.bandcamp.com/album/chin-up-buttercup,11/20/2025,11/14/2025,Domino Recording Co. Ltd.
FKA twigs,EUSEXUA Afterglow,1280,,femcon,A revisit of one of 2025's best pop albums – highly recommended,https://www.youtube.com/playlist?list=PLxA687tYuMWhS6yjoDlog5Gu79aFUJO-h,11/20/2025,11/14/2025,Atlantic
Jeremy Dower,"Personal Computer Music, 1997-2022",1281,,jammer pick,Abstracted Berlin-school/hardware-oriented electro/idm from Australia – cheers to Dave K. for the suggestion!,https://jeremydowermusic.bandcamp.com/album/personal-computer-music-1997-2022,11/20/2025,11/14/2025,Chapter Music
pigeon pit,Leash Aggression,1260,,lgbtq,"Folk punk from Olympia, Washington ",https://pigeonpit.bandcamp.com/album/leash-aggression,11/20/2025,11/7/2025,Ernest Jenning Record Co.
Bad Trips,Nothing But Trouble,1270,,,"Kraut/psych rock explorations from Queens, NY",https://badtripsny.bandcamp.com/album/nothing-but-trouble,11/20/2025,11/7/2025,Prolific Recordings
Khruangbin,The Universe Smiles Upon You ii,1237,,"femcon,jammer pick",The legends of funk & groove rehash one of their first and notable releases with more of a psych/surf rock touch – recommended by Mr. T!,https://khruangbin.bandcamp.com/album/the-universe-smiles-upon-you-ii,11/20/2025,11/6/2025,Dead Oceans
Emi Pop,No Te Voy a Extrañar,1259,,femcon,Electropop/pop punk from Seattle ,https://emipop.bandcamp.com/album/no-te-voy-a-extra-ar,11/20/2025,11/5/2025,Fink City
Hollerado,Start A Band,1261,,,Toronto indie,https://hollerado.bandcamp.com/album/start-a-band,11/20/2025,11/4/2025,
Joyeria,Graceful Degradation,1238,,,"Gloomy indie with post-rock influences from London, UK ",https://joyeria.bandcamp.com/album/graceful-degradation,11/20/2025,10/31/2025,Speedy Wunderground
Snocaps,Snocaps,1240,,femcon,"Warm, lofi indie folk vibes from LA ",https://snocaps.bandcamp.com/album/snocaps,11/20/2025,10/31/2025,Epitaph
Sara Devoe,"Come away, O human child!",1249,,femcon,Polished indie folk/pop from Brooklyn – recommended,https://saradevoe.bandcamp.com/album/come-away-o-human-child,11/20/2025,10/31/2025,
Jamie Lidell & Luke Schneider,A Companion For The Spaces Between Dreams,1271,,,"Drone-y, pedal steel-driven ambient from Nashville, Tennessee – full of great warbly tape textures! ",https://lukeschneider.bandcamp.com/album/a-companion-for-the-spaces-between-dreams,11/20/2025,10/31/2025,
Machine Girl,PsychoWarrior: MG Ultra X,1243,,,"Supercharged, gritty experimental club music fused with noisy punk. A very cohesive release from MG!  Recommended ",https://machinegirl.bandcamp.com/album/psychowarrior-mg-ultra-x,11/20/2025,10/24/2025,Future Classic
Captain Howdy & The Sunset Serenaders,SMOKIN' GRASS,1254,,,"A really unique release of ""bluegrass fusion"". A mix of traditional music with a jam band/psychedelic rock approach from Kansas ",https://captainhowdythesunsetserenaders.bandcamp.com/album/smokin-grass,11/20/2025,10/24/2025,Riverside Records
Begonia,Fantasy Life,1262,,"cancon,femcon","Soulful, smooth, jazzy pop from Winnipeg ",https://hellobegonia.bandcamp.com/album/fantasy-life,11/20/2025,10/24/2025,Birthday Cake
RALEIGH,Fate Is Criminal,1264,,"cancon,femcon",Alt pop/art rock from Calgary ,https://raleigh.bandcamp.com/album/fate-is-criminal,11/20/2025,10/21/2025,
Fionn,scum.,1263,,"cancon,femcon",Energetic pop from Vancouver – recommended! ,https://fionnband.bandcamp.com/album/scum,11/20/2025,10/17/2025,604 Records
MolaOddity,Cave Crackers,1250,,femcon,Unique art/prog pop with heavy jazz influences – highly recommended,https://molaoddity.bandcamp.com/album/cave-crackers,11/20/2025,10/11/2025,
Royal Strays,Royal Strays,1258,,"cancon,femcon",Adult alternative/cabaret pop from Vancouver ,https://royalstrays.bandcamp.com/album/royal-strays,11/20/2025,10/10/2025,One Little Indian Records
Will Lawrence,Rooftops in the Centerfold,1246,,,Cozy indie folk/pop with a good dose of jazz from New York – recommended,https://wtlawrence.bandcamp.com/album/rooftops-in-the-centerfold,11/20/2025,9/19/2025,Sophomore Lounge
Whitney K,Bubble,1252,,cancon,"Chill fusion of rock, pop, & folk from Montreal – highly recommended! ",https://whitneyk.bandcamp.com/album/bubble-2,11/20/2025,9/12/2025,Fire Records
For Closure,Take Two,1256,,,Emo/pop punk/melodic hardcore from LA ,https://forclosurela.bandcamp.com/album/take-two,11/20/2025,9/12/2025,
Justin Karas,Flowers Wild Abound,1267,,cancon,"Dainty, lush chamber folk from Montreal – recommended! ",https://justinkaras.bandcamp.com/album/flowers-wild-abound,11/20/2025,9/12/2025,
Animal Electricity,Paratrooper,1266,,,Denver folk rock – full album on Drive! ,https://animalelectricity.bandcamp.com/track/paratrooper,11/20/2025,9/5/2025,Darya Records
WE DREAM DAWN,love undoubtedly underlies everything,1265,,femcon,Indie folk/alt pop from Oklahoma,https://wedreamdawn.bandcamp.com/album/love-undoubtedly-underlies-everything,11/20/2025,8/13/2025,Megamania
Avi C Engel,FC8 - Mote,1253,,cancon,Meditative avant-folk tracks from Toronto with rich imagery ,https://fennycompton.bandcamp.com/album/fc8-mote,11/20/2025,8/8/2025,Fenny Compton
Burning Hand,Jawbreaker,1278,,,Connecticut hardcore – recommended,https://burninghandct.bandcamp.com/album/jawbreaker,11/20/2025,7/28/2025,Mescal Canyon Records
Suzie True,How I Learned To Love What's Gone,1216,,femcon,"Charming, catchy DIY garage pop/punk from LA. Recommended! ",https://suzietrue.bandcamp.com/album/how-i-learned-to-love-whats-gone,11/13/2025,11/27/2025,Get Better Records
Frida Kill,City Gurl,1200,,femcon,Post-punk/no wave/riot grrl vibes from Brooklyn!,https://fridakill.bandcamp.com/album/city-gurl,11/13/2025,11/7/2025,Get Better Records
Crasher,Odditi Populaire,1219,,"cancon,femcon",New wave/synth punk from Montreal – super 80s! Check this one out. ,https://crasherr.bandcamp.com/album/odditi-populaire,11/13/2025,11/7/2025,Mothland Records
Freak Slug,Loose Tooth And A Short Skirt,1220,,femcon,"Lofi indie pop/shoegaze from Manchester, UK – recommended! ",https://freakslug.bandcamp.com/album/loose-tooth-and-a-short-skirt,11/13/2025,11/7/2025,Future Classic
Future Clouds and Radar,Big Weather,1221,,,"Fuzzy indie pop/rock 'n' roll from Austin, Texas",https://futurecloudsandradar.bandcamp.com/album/big-weather,11/13/2025,11/7/2025,The Star Apple Kingdom
Heaven For Real,Who Died & Made You The Dream?,1222,,cancon,Jazzy art rock from Halifax – recommended,https://heavenforreal.bandcamp.com/album/who-died-made-you-the-dream,11/13/2025,11/7/2025,Mint Records
Insecure Men,A Man For All Seasons,1223,,,"London, UK indie",https://insecuremen.bandcamp.com/album/a-man-for-all-seasons,11/13/2025,11/7/2025,Fat Possum Records
Jonathan Jeremiah,We Come Alive,1224,,,"Super polished, acoustic-driven tracks from a UK-based singer-songwriter. Recommended! ",https://open.spotify.com/album/2eKWhwVxNOZOy0cg0LIqjY?si=F5Xt6RrYSnCQd2FUeWlDJA,11/13/2025,11/7/2025,
Jordana,Jordanaland,1225,,femcon,"Soft rock/indie pop from LA – chill, happy vibe",https://jordananye.bandcamp.com/album/jordanaland,11/13/2025,11/7/2025,Grand Jury Music
White Lies,Night Light,1228,,,Epic UK indie rock,https://open.spotify.com/album/28XX98fScUpE4dZN0hIvAR?si=O1ROPQGOSUS3gh3EP8DnjQ,11/13/2025,11/7/2025,[PIAS]
Yndling,Time Time Time (I'm in the Palm of Your Hand),1197,,femcon,"Lofi bedroom pop/shoegaze/trip hop vibes from Oslo, Norway. Highly recommended – love this one ",https://yndling.bandcamp.com/album/time-time-time-im-in-the-palm-of-your-hand,11/13/2025,11/6/2025,
Verticoli,Silverlinings,1227,,,Hard rock/post-hardcore from Australia!,https://verticolitas.bandcamp.com/album/silverlinings,11/13/2025,11/6/2025,
TATYANA,Amour Armour,1196,,femcon,"A fusion of club/house beats & dance-pop from London, UK. Highly recommended",https://tatyana.bandcamp.com/album/amour-armour,11/13/2025,11/5/2025,Sinderlyn
Ruby Sparks,Iris,1226,,,Laid-back alt rock/indie grooves from LA – recommended,https://rubysparksband.bandcamp.com/album/iris,11/13/2025,11/5/2025,Word Entertainment
Astrachan,Signs,1198,,,"Jangly, feel-good rock 'n' roll from Chicago – highly recommended",https://music.youtube.com/playlist?list=OLAK5uy_mweTCuVbR5ZZgmLunUp3YpJY93N-sLfas,11/13/2025,10/31/2025,Happen Twice
Caged Animals,Make Strange Friends,1199,,,Polished indie-folk from New Brunswick – great collection of songs. Recommended! ,https://cagedanimals.bandcamp.com/album/make-strange-friends,11/13/2025,10/31/2025,Lucky Number
Hilary Woods,Night CRIÚ,1201,,femcon,"Cinematic, stripped-down, ambient noir-folk ",https://hilarywoodsmusic.bandcamp.com/album/night-cri,11/13/2025,10/31/2025,
PICTUREPLANE,Sex Distortion,1203,,,Excellent album – this one's a real treat for fans of that goth pop/coldwave/darkwave sound!,https://pictureplane.bandcamp.com/album/sex-distortion,11/13/2025,10/31/2025,music website ‚ò∫Ô∏é
BILLY DEAN THOMAS,MX,1205,,lgbtq,Soulful hip-hop – great production! Clean versions available on Drive ,https://billydeanthomas.bandcamp.com/album/mx,11/13/2025,10/24/2025,
Joelton Mayfield,Crowd Pleaser,1207,,,Nashville alt-folk/country  ,https://joeltonmayfield.bandcamp.com/album/crowd-pleaser-2,11/13/2025,10/24/2025,Jazzhead
Leanne Betasamosake Simpson,Live Like The Sky,1208,,"cancon,indigenous,femcon","Excellent album – Leanne weaves together many moods on this one, such as indie folk, shoegaze/dream pop, & synth/electronic elements. Recommended! ",https://leannesimpson.bandcamp.com/album/live-like-the-sky,11/13/2025,10/24/2025,You‚Äôve Changed Records
Orillia,FIRE-WEED,1210,,,Trad-folk from Chicago Illinois; comforting vibe! Recommended. ,https://orillia.bandcamp.com/album/fire-weed-2,11/13/2025,10/24/2025,
Mei Semones,Kurayami/Get used to it,1209,,femcon,A lovely little/short release; a fusion of j-pop & bossa nova influences from a Brooklyn-based singer & guitarist. Recommended! ,https://meisemones.bandcamp.com/album/kurayami-get-used-to-it,11/13/2025,10/22/2025,Bayonet Records
Elias Rønnenfelt,Speak Daggers,1206,,,One of my favourite Copenhagen bedroom pop/rock artists – check this one out! ,https://eliasronnenfelt.bandcamp.com/album/speak-daggers,11/13/2025,10/17/2025,Escho
Casey Dienel,My Heart Is An Outlaw,1212,,femcon,"Soft, accessible art pop from Massachusetts",https://caseydienel.bandcamp.com/album/my-heart-is-an-outlaw-2,11/13/2025,10/17/2025,
good flying birds,Talulah's Tape,1213,,,Lofi jangly noisy guitar pop from Indianapolis – good vibes,https://goodflyingbirds.bandcamp.com/album/talulahs-tape,11/13/2025,10/17/2025,Carpark Records
Mariel Buckley,Strange Trip Ahead,1214,,"cancon,femcon",Americana/country/alt-folk from Calgary. Recommended. ,https://marielbuckley.bandcamp.com/album/strange-trip-ahead,11/13/2025,10/17/2025,Birthday Cake
Avery Tucker,Paw,1217,,,"Americana/indie folk from LA!

",https://averytucker.bandcamp.com/album/paw,11/13/2025,10/10/2025,
dust,Sky is Falling,1230,,,Australian shoegaze/post-punk – recommended! ,https://dustdustdust.bandcamp.com/album/sky-is-falling,11/13/2025,10/10/2025,Kanine Records
Giant Day,Alarm,1231,,,Post-punk art duo from Pennsylvania – recommended! ,https://giantday.bandcamp.com/album/alarm,11/13/2025,10/10/2025,Elephant Six Recording Co.
Olivia Barton,For Myself and For You,1232,,femcon,Soft folk/americana from an LA-based singer-songwriter ,https://oliviabarton.bandcamp.com/album/for-myself-and-for-you,11/13/2025,10/10/2025,
Bruiser and Bicycle,Deep Country,1229,,,"A unique, dynamic fusion of art pop & prog folk with a good sense of humour ",https://bruiserandbicycle.bandcamp.com/album/deep-country,11/13/2025,10/8/2025,
Rocket,R is for Rocket,1234,,femcon,alt/garage rock from LA ,https://rockettheband.bandcamp.com/album/r-is-for-rocket,11/13/2025,10/3/2025,Canvasback
The Point,Maldito Animal,1211,,,"A groovy, psychedelic adventure into ethio-jazz. Glad I found this one! ",https://thepointmusic.bandcamp.com/album/maldito-animal-deluxe-album-2,11/13/2025,9/26/2025,
Grumpy,Piebald,1218,,femcon,Folk rock/indie pop from New York! ,https://grumpyismyleastfavoriteband.bandcamp.com/album/piebald,11/13/2025,9/26/2025,Bayonet Records
Thomas Dollbaum,Drive All Night,1236,,,Folk singer-songwriter from New Orleans ,https://thomasdollbaum.bandcamp.com/album/drive-all-night,11/13/2025,9/26/2025,Dear Life Records
Otis Wilkins,Power Of Stuff,1215,,,"Indie rock with lots of folk elements from Austin, Texas. Solid release",https://otiswilkins.bandcamp.com/album/power-of-stuff,11/13/2025,9/19/2025,
Snuggle,Goodbyehouse,1204,,femcon,"Dreamy, chilled-out bedroom pop vibes from Copenhagen, Denmark. Recommended! ",https://snuggle.bandcamp.com/album/goodbyehouse,11/13/2025,9/12/2025,Escho
Sleeping Jesus,Shotgun,1235,,,Alt-country/americana/rock n roll from Minneapolis ,https://sleepingjesus.bandcamp.com/album/shotgun,11/13/2025,9/8/2025,
Alien Eyelid,Vinegar Hill,1233,,,"Ambient americana/cosmic country from Houston, Texas – excellent release!",https://alieneyelid.bandcamp.com/album/vinegar-hill,11/13/2025,9/5/2025,PLYGRND
Middle Mass,Songs for the Sapphire Hare,1202,,femcon,"Ambient, dreamy pop from Austin, Texas ",https://middlemass.bandcamp.com/album/songs-for-the-sapphire-hare,11/13/2025,7/18/2025,
Big Bill,Sick Myth,1186,,,"Art rock/post punk from Austin, Texas – recommended! ",https://bigbillband.bandcamp.com/album/sick-myth,11/12/2025,11/21/2025,
badsoma,badsoma,1185,,,Fuzzy psych pop from LA! ,https://badsoma.bandcamp.com/album/badsoma?search_item_id%3D3429866438%26search_item_type%3Da%26search_match_part%3D%253F%26search_page_id%3D4830512222%26search_page_no%3D0%26search_rank%3D1=,11/12/2025,11/14/2025,
Jim Jarmusch & Anika,Father Mother Sister Brother,1187,,,"Excellent, contemplative film soundtrack vibes – I must admit I did not know Jarmusch was a musician! ",https://jimjarmusch.bandcamp.com/album/father-mother-sister-brother-original-music-from-the-film,11/12/2025,11/14/2025,
Odonis Odonis,Odonis Odonis,1188,,cancon,"Has that sweet blend of post-punk, shoegaze, & synthpop I'm a big fan of. HIghly recommended! ",https://odonisodonis.bandcamp.com/album/odonis-odonis,11/12/2025,11/14/2025,Royal Mountain Records
Star Card,Trash World,1189,,femcon,Lofi noisy pop from New York – a great one! ,https://starcard.bandcamp.com/album/trash-world-2,11/12/2025,11/14/2025,
Team Trust,Treat Box,1190,,femcon,"Awesome & unique post-punk vibe from Austin, Texas. Recommended! ",https://teamtrust.bandcamp.com/album/treat-box,11/12/2025,11/7/2025,
Constant Smiles,Moonflowers,1191,,,"Ambient, lo-fi pop/folk from New York ",https://constantsmiles.bandcamp.com/album/moonflowers,11/12/2025,11/7/2025,Felte
Hatchie,Liquorice,1192,,femcon,"Fresh, nostalgic, & energetic dream pop from Melbourne – highly recommended",https://hatchie.bandcamp.com/album/liquorice,11/12/2025,11/7/2025,Secretly Canadian
h. pruz,Red sky at morning,1193,,femcon,Super polished & dyamic ambient/bedroom folk vibes from Brooklyn – highly recommended,https://hpruz.bandcamp.com/album/red-sky-at-morning,11/12/2025,11/7/2025,
Iris Caltwait,"Again, for the first time",1194,,femcon,Alt pop from Norway – recommended,https://iriscaltwait.bandcamp.com/album/again-for-the-first-time,11/12/2025,11/7/2025,777 MUSIC
Sorry,COSPLAY,1195,,femcon,"Grunge-y & catchy alt rock/post-punk from London, UK – recommended",https://sorrybanduk.bandcamp.com/album/cosplay,11/12/2025,11/7/2025,Domino
Drummachinemike,I Hope This Never Finds You,1139,,cancon,"Another excellent release from Drummachinemike spanning ambient techno, IDM, and downtempo – recommended! ",https://drummachinemike.bandcamp.com/album/i-hope-this-never-finds-you,11/6/2025,11/6/2025,
Queen M,Introducing Queen M,1153,,"cancon,femcon","""Neo Soul mixed with vintage Motown and Reggae influences"" from Collingwood, ON! ",https://queenm.bandcamp.com/album/introducing-queen-m,11/6/2025,10/24/2025,Universal Music
Rinnovare,A Lucid Factory for Her Encounters,1155,,cancon,"Dreamy, ambient-leaning pop/folk from Kelowna, BC. Recommended! ",https://rinnovare.bandcamp.com/album/a-lucid-factory-for-her-encounters-2,11/6/2025,10/24/2025,
Robert Robert,BOOST,1156,,"cancon,francophone",Catchy Montreal electropop – highly recommended! ,https://robertrobert.bandcamp.com/album/boost,11/6/2025,10/24/2025,Chivi Chivi
Tame Impala,Deadbeat,1181,,jammer pick,Kevin Parker's latest album is his most dance-pop oriented yet! ,https://www.youtube.com/playlist?list=PLTU9Rfr3yfofsPvruInN1R-4SJaLraA1Z,11/6/2025,10/17/2025,Columbia
FONTINE,Good Buddy,1171,,"cancon,femcon",Indie folk-pop from Winnipeg – recommended,https://fontine.bandcamp.com/album/good-buddy,11/6/2025,10/7/2025,Birthday Cake
More Like Shadows,Vacation Mode,1148,,cancon,Fuzzy indie rock from Toronto – recommended,https://morelikeshadows.bandcamp.com/album/vacation-mode,11/6/2025,10/3/2025,
Nocow,TAY UT G NI,1151,,,Experimental electronica/futuristic pop from Russia ,https://fortrecords.bandcamp.com/album/tay-ut-g-ni,11/6/2025,10/3/2025,FORT
Pony Gold,High Road Reverie,1152,,"cancon,femcon",Soulful & polished alt-country from a Victoria-based singer-songwriter – recommended! ,https://ponygold.bandcamp.com/album/high-road-reverie,11/6/2025,10/3/2025,Penny Fiddle Records
Ribbon Skirt,PENSACOLA,1158,,"cancon,femcon",An excellent follow-up EP to their CJAM-charting album released back in April. Recommended! ,https://ribbonskirtband.bandcamp.com/album/pensacola,11/6/2025,10/3/2025,
Alice Moore,The Waiting,1166,,cancon,Indie alt pop from Montreal echoing influences from Lana Del Rey & Radiohead – recommended,https://alicemoore3.bandcamp.com/album/the-waiting,11/6/2025,10/3/2025,
Wes Corbett,Drift,1169,,,Top-notch instrumental bluegrass virtuosity – lots to enjoy on this one ,https://wescorbett.bandcamp.com/album/drift,11/6/2025,10/3/2025,
Abosahar,Raasny,1178,,,"Traditional Egyptian dance music recontextualized in a club setting drawing on industrial & new wave influences. Every track is an absolute banger, check this one out! ",https://heatcrimes.bandcamp.com/album/raasny,11/6/2025,10/3/2025,Heat Crimes
Agriculture,The Spiritual Sound,1179,,,"An experimentation on the concept of a black metal album, many songs on this album branch into stripepd down americana, shoegaze, & drone segments – a unique release! ",https://agriculturemusic.bandcamp.com/album/the-spiritual-sound,11/6/2025,10/3/2025,The Flenser
Verona Florrist,Verona Florrist,1170,,cancon,Heavy doom/stoner rock from Toronto,https://veronaflorrist1.bandcamp.com/album/verona-florrist,11/6/2025,10/1/2025,
crushed,no scope,1137,,femcon,"Excellent release drawing on inspiration from dream pop, shoegaze, and trip hop – recommended",https://crushedworldwide.bandcamp.com/album/no-scope,11/6/2025,9/26/2025,Ghostly International
Gabi Gamberg,Where the Earth Bends,1138,,femcon,"Acoustic-driven alt/indie rock fused with folk – influences from Elliott Smith, Beck, & Cat Power",https://gabigamberg.bandcamp.com/album/where-the-earth-bends,11/6/2025,9/26/2025,Concord Records
Geckøs,Geckøs,1140,,,"""the project blends the rich flavors of the Southwest with indie folk, Spanish influences, and a touch of Irish mysticism"" – recommended.",https://orgmusiclabel.bandcamp.com/album/geck-s?search_item_id%3D609866893%26search_item_type%3Da%26search_match_part%3D%253F%26search_page_id%3D4806076288%26search_page_no%3D0%26search_rank%3D1=,11/6/2025,9/26/2025,Geck√∏s
Mulatu Astatke,Mulatu Plays Mulatu,1146,,,"""the first major studio album in over 10 years from the father of Ethio-jazz"" – highly recommended!",https://mulatuastatke.bandcamp.com/album/mulatu-plays-mulatu,11/6/2025,9/26/2025,Strut
Moon Panda,Dumb Luck,1147,,femcon,Excellent spacey & groovy dream pop from San Diego – highly recommended,https://moonpanda.bandcamp.com/album/dumb-luck,11/6/2025,9/26/2025,
Night Tapes,portals//polarities,1149,,femcon,Lush dream pop/electronica from Estonia – highly recommended,https://nighttapesmusic.bandcamp.com/album/portals-polarities,11/6/2025,9/26/2025,Nettwerk
Terrifying Girls' High School,Sad Boys' Swimming Hole,1162,,cancon,Unique screamo/post-hardcore/dance-punk from Vancouver – recommended! ,https://tghs.bandcamp.com/album/sad-boys-swimming-hole,11/6/2025,9/26/2025,Emocat Records
Ani Glass,Phantasmagoria,1167,,femcon,Ambient-leaning electronic pop from the UK – recommended,https://aniglass.bandcamp.com/album/phantasmagoria-lp,11/6/2025,9/26/2025,
M. Sage,Tender / Wading,1173,,,"This one is right up my alley. Dynamic, texture-heavy, & ethereal ambient americana vibes",https://msage.bandcamp.com/album/tender-wading,11/6/2025,9/26/2025,
Jeff Tweedy,Twilight Override,1175,,,"Polished, soulful & stripped-down folk from the Wilco frontman – recommended ",https://jefftweedy.bandcamp.com/album/twilight-override,11/6/2025,9/26/2025,
Ancient Infinity Orchestra,It's Always About Love,1182,,,"15-piece spiritual jazz band from Leeds, England; beautiful, top notch arrangements",https://ancientinfinityorchestra.bandcamp.com/album/its-always-about-love,11/6/2025,9/26/2025,Gondwana Records
Hank's Dream,Running in Circles,1141,,cancon,Chill dream/synth pop from Montreal – love this one,https://hanksdream.bandcamp.com/album/running-in-circles,11/6/2025,9/25/2025,Deaf Shepherd Recordings
Shane Krause,I Measured The Skies,1157,,cancon,Avant jazz from Vancouver ,https://afterday.bandcamp.com/album/i-measured-the-skies,11/6/2025,9/22/2025,
Lawn,God Made The Highway,1145,,,Indie/post-punk from New Orleans – recommended,https://frontlawn.bandcamp.com/album/god-made-the-highway,11/6/2025,9/19/2025,Exploding in Sound Records
TEKE::TEKE,Hagata Delux,1161,,cancon,Japanese-Canadian psych/surf rock legends – highly recommended,https://teketekeband.bandcamp.com/album/hagata-delux-2,11/6/2025,9/19/2025,Kill Rock Stars
Pure Carrière,Vison 2 L'enfèr,1177,,"cancon,francophone",Hazy & loose folk/lo-fi rock with a good dose of experimentation & sound exploration. One of the most unique records in this genre I've heard in a while! ,https://purecarriere.bandcamp.com/album/vison-2-lenf-r,11/6/2025,9/19/2025,KOCH International
ANIMA!,Water,1183,,femcon,Electronic/synth pop – recommended! ,https://animaworldwide.bandcamp.com/album/water,11/6/2025,9/19/2025,
arid landscapes,arid landscapes,1184,,cancon,Ambient/electroacoustic arrangeemnts from Vancouver! ,https://aridlandscapes.bandcamp.com/album/arid-landscapes,11/6/2025,9/19/2025,
zayok,In elsewhere,1165,,,Bass-boosted futuristic cloud rap/r&b from South Carolina – unique release ,https://zayok.bandcamp.com/album/in-elsewhere,11/6/2025,9/17/2025,
Montuno Cubano,Frágil de Cristal,1174,,cancon,Traditional cuban music from Prince Edward Island! ,https://montunocubano.bandcamp.com/album/fr-gil-de-cristal,11/6/2025,9/16/2025,Ariola
time thief,time thief,1163,,femcon,"Jangly indie/college rock from Providence, Rhode Island",https://timethieff.bandcamp.com/album/time-thief,11/6/2025,9/12/2025,
Yoo II avec Nolan Potter,Yoo II avec Nolan Potter,1164,,,Fans of krautrock & psychedelic vibes will love this one! ,https://nolanpotter.bandcamp.com/album/yoo-ii-avec-nolan-potter,11/6/2025,9/12/2025,Mothland Records
Meredith Moon,From Here To The Sea,1176,,"cancon,femcon",Appalachian folk from Toronto – recommended! ,https://meredithmoon.bandcamp.com/album/from-here-to-the-sea,11/6/2025,9/12/2025,Compass Records
Area 3,View,1133,,cancon,Blissed out new age-y ambient layered with field recordings & dubby textures  from one of my favourite Canadian artists – highly recommended to those who want to relax ,https://heart.bandcamp.com/album/view,11/6/2025,9/5/2025,Khotin Industries
Ben Cornel,Evergreen,1135,,cancon,Lush indie folk from Yellowknife!,https://bencornelmusic.bandcamp.com/album/evergreen,11/6/2025,8/26/2025,
tarp,Automatic Solar Light,1160,,cancon,Grungy folk-rock from Winnipeg – recommended,https://tarpband.bandcamp.com/album/automatic-solar-light,11/6/2025,8/25/2025,Tape Loop Orchestra
accntnt,ep,1132,,cancon,"Lo-fi electronic bedroom pop/eletronica from Toronto drenched in ambient, dubby layers. ",https://accntnt.bandcamp.com/album/ep?search_item_id%3D2630340849%26search_item_type%3Da%26search_match_part%3D%253F%26search_page_id%3D4806052898%26search_page_no%3D0%26search_rank%3D1=,11/6/2025,8/22/2025,
Everett LaRoi,Morning Stars Mournings Hush,1144,,cancon,Edmonton folk rock,https://everettlaroi.bandcamp.com/album/morning-stars-mournings-hush?search_item_id%3D2742204620%26search_item_type%3Da%26search_match_part%3D%253F%26search_page_id%3D4806089961%26search_page_no%3D0%26search_rank%3D1=,11/6/2025,8/22/2025,
Andrew Spice,With Animals,1159,,cancon,Alt pop from Toronto ,https://andrewspice.bandcamp.com/album/with-animals,11/6/2025,8/22/2025,
Jolie Laide,In The Low Light,1142,,"cancon,femcon",Dream pop/folk from Calgary – nice production ,https://jolielaidemusic.bandcamp.com/album/in-the-low-light,11/6/2025,8/15/2025,
Ninajirachi,I Love My Computer,1150,,femcon,"Hyperpop from Sydney, Australia – highly recommended",https://ninajirachi.bandcamp.com/album/i-love-my-computer,11/6/2025,8/8/2025,NLV Records
Ravine Angel,Object of Affection,1154,,"cancon,femcon",Excellent experimental/noise pop influenced heavily by coldwave. Recommended! Alternate image used for this entry; original NSFW,https://ravineangel.bandcamp.com/album/object-of-affection,11/6/2025,8/1/2025,
Argile,Argile,1134,,"cancon,francophone","Dreamy, jazzy pop haze from Quebec City. Highly recommended to fans of Mac Demarco, Men I Trust, & similar",https://argilemusique.bandcamp.com/album/argile,11/6/2025,7/18/2025,Les √âditions Pontbriand
Slash Need,SIT & GRIN,1125,,jammer pick,Fans of industrial electronic & EBM will enjoy this one. Great recommendation by Pascal! ,https://slashneed.bandcamp.com/album/sit-grin,11/5/2025,10/21/2025,
feeo,Goodness,1126,,"femcon,jammer pick","An ""impressionistic assemblage of drone, ambient, experimental electronics, improvisational music and minimalist dance music"". Recommended! Cheers to Weajue for suggesting this one",https://feeo.bandcamp.com/album/goodness,11/5/2025,10/10/2025,AD 93
The Sound of Animals Fighting,The Maiden,1127,,jammer pick,"Psychedelic post-rock/post-hardcore from Dallas, Texas. Thanks for the recommendation, Weajue! ",https://thesoundofanimalsfighting.bandcamp.com/album/the-maiden,11/5/2025,9/12/2025,Born Losers Records
Liquid Mike,Hell is an Airport,1131,,jammer pick,Power pop/alt rock from Michigan! Recommended! Nice find by Dante from In the Garage :),https://liquidmike.bandcamp.com/album/hell-is-an-airport,11/5/2025,9/12/2025,
Chartreuse,Bless You & Be Well,1128,,"jammer pick,femcon","Warm, dreamy alt rock influenced by folk vibes. Suggested by Weajue of Absent Sounds! ",https://chartreuse-band.bandcamp.com/album/bless-you-be-well,11/5/2025,8/29/2025,Communion Group Ltd
BODEGA,Rot In Helvetica,1130,,jammer pick,Garage rock/punk from New York. Great stuff! Recommended by Dante ,https://bodegabk.bandcamp.com/album/rot-in-helvetica,11/5/2025,7/18/2025,Chrysalis
Huron Lines,Overthinker (single),1119,,"singles club,local,cancon",Excellent local band fusing grunge & post-punk ,https://huronlines.bandcamp.com/track/overthinker,10/31/2025,10/24/2025,
The Last Dinner Party,From The Pyre,1117,,"femcon,jammer pick",Indie rock with baroque pop aesthetics – recommended by Mr. T!,https://www.youtube.com/playlist?list=PLxA687tYuMWhomPXKLPBAzytlzLG9urHj,10/31/2025,10/17/2025,Island
Hollie Cook,Shy Girl,1100,,femcon,"Tropical pop/lovers rock/reggae from London, UK – recommended",https://holliecook.bandcamp.com/album/shy-girl,10/31/2025,10/10/2025,Mr Bongo
Kate Wyatt,Murmurations,1113,,"cancon,femcon",Jazz piano trio from Montreal ,https://katewyatt.bandcamp.com/album/murmurations,10/31/2025,10/10/2025,Shee Records
Jay Som,Belong,1115,,"femcon,jammer pick",Bedroom pop from LA. Recommended! Cheers to Mr. T,https://jaysom.bandcamp.com/album/belong,10/31/2025,10/10/2025,Polyvinyl
Flock of Dimes,The Life You Save,1116,,"femcon,jammer pick",Intimate acoustic-driven songs from a Baltimore artist. Thanks Mr. T for recommending this one! ,https://flockofdimes.bandcamp.com/album/the-life-you-save,10/31/2025,10/10/2025,Sub Pop Records
Pneumatic T Bar,pineapple (single),1122,,"singles club,local,cancon",Jazzy dream pop/prog rock – unique sound! ,https://open.spotify.com/track/7lpdweYALSlP9H6a6vqP28?si=5d97a7c994934eaf,10/31/2025,10/2/2025,
Varnish,Gold Ceiling (single),1124,,"singles club,local,cancon","Punk/art rock – shout out to Adam & Dave from Revolution Rock, this is thier band!",https://varnishyourhopes.bandcamp.com/track/gold-ceiling,10/31/2025,9/26/2025,
Alex Whorms,Daylight Chasing Dusk,1111,,"cancon,femcon","Folk/indie pop from Hamilton, ON",https://alexwhorms.bandcamp.com/album/daylight-chasing-dusk,10/31/2025,9/25/2025,
Yukon Blonde,Friendship & Rock 'N' Roll,1096,,cancon,Canadian indie pop/folk-rock legends – recommended,https://yukonblonde.bandcamp.com/album/friendship-rock-n-roll,10/31/2025,9/19/2025,Dine Alone Records
Atmosphere,Jestures,1098,,,Underground hip-hop from Minneapolis. Some tracks explicit! ,https://atmosphere.bandcamp.com/album/jestures,10/31/2025,9/19/2025,Rhymesayers Entertainment
James Danderfer,If Not Now,1101,,cancon,Top notch Canadian jazz; Cory Weeds on tenor sax & as producer,https://jamesdanderfer.bandcamp.com/album/if-not-now,10/31/2025,9/19/2025,Cellar Live
Dun-Dun Band,"Pita Parka, Pt. II: Nim Egduf",1102,,cancon,Fans of prog/spiritual jazz will enjoy – recommended! ,https://kunudusuvuntu.bandcamp.com/album/pita-parka-pt-ii-nim-egduf,10/31/2025,9/19/2025,
Jennarie,Never Been Small,1104,,"cancon,femcon",Toronto r&b!,https://jennarie.bandcamp.com/album/never-been-small,10/31/2025,9/19/2025,
Posh Toboggan,Not Love & Sunshine (single),1123,,"singles club,local,cancon",Prog rock/garage jazz from Windsor!,https://open.spotify.com/track/32ZH4bBAHj6AGfSzBDD9Vd?si=66130457ab884f3d,10/31/2025,9/19/2025,
Kayla Williams,POPSTALGIA,1094,,"cancon,femcon",Yacht rock/disco pop from Alberta ,https://kaylawilliamsmusic.bandcamp.com/album/popstalgia,10/31/2025,9/18/2025,
david tosh,dopameaning,1109,,cancon,Electropop from Toronto ,https://hiitsdavidtosh.bandcamp.com/album/dopameaning,10/31/2025,9/15/2025,Bicycle Records
Eric Alexander,Like Sugar,1097,,,Fans of the tenor sax will love this one! Great stuff. ,https://ericalexander.bandcamp.com/album/like-sugar,10/31/2025,9/12/2025,Island
Graeme Jonez,Crossways,1105,,"cancon,indigenous",Alt-folk rock from Toronto,https://graemejonezmusic.bandcamp.com/album/crossways,10/31/2025,9/12/2025,
Farron Keep,I'm thinkin' Jakey's (single),1118,,"singles club,local,cancon",Twinkly mathy emo/screamo from Windsor! Great sound. ,https://farronkeep.bandcamp.com/track/im-thinkin-jakeys,10/31/2025,9/11/2025,
Modern Life Is War,Life On The Moon,1106,,,Punk/hardcore from Iowa,https://modernlifeiswar.bandcamp.com/album/life-on-the-moon,10/31/2025,9/5/2025,Deathwish
John Tejada,The Watchline,1108,,,Atmospheric electronica from LA – recommended,https://johntejada.bandcamp.com/album/the-watchline,10/31/2025,9/5/2025,Palette Recordings
Musique Nomade,Nogom Nikamowin,1110,,"cancon,indigenous",Folk-pop from Montreal ,https://musiquenomade.bandcamp.com/album/nogom-nikamowin,10/31/2025,9/3/2025,G4F Records
Finnr's Cane,Finnr's Cane,1103,,cancon,Atmospheric black metal from Sudbury!,https://finnrs-cane.bandcamp.com/album/finnrs-cane,10/31/2025,8/29/2025,Nordvis Produktion
meandergreen,bilal crying ii (single),1121,,"singles club,local,cancon",Hazy & twinkly emo shoegaze vibes! ,https://meandergreen.bandcamp.com/track/bilal-crying-ii-2,10/31/2025,8/28/2025,
the winter in canada,untitled,1095,,cancon,"Garage/punk rock from Kingston, ON",https://thewinterincanada.bandcamp.com/album/untitled,10/31/2025,8/22/2025,The Death of Rave
Drones Over Dufferin,Grievous Landscapes,1107,,cancon,Ambient country/primitive guitar from Toronto – recommended! ,https://dronesoverdufferin.bandcamp.com/album/grievous-landscapes-2,10/31/2025,8/22/2025,Imaginary North
Bruce Ziff,Road to Ziffacre,1114,,cancon,"Traditional, old time music from Edmonton featuring banjos, fiddles, jaw harp, and more. ",https://bruceziff.bandcamp.com/album/road-to-ziffacre,10/31/2025,8/7/2025,Angular Recording Corporation
Winter Green,Songs For The Lonely,1112,,,"Bluesy acoustic & rock vibes from Manchester, UK ",https://wintergreen73.bandcamp.com/album/songs-for-the-lonely,10/31/2025,7/25/2025,Pretty Good Records
Sloan,Based on the Best Seller,1077,,cancon,College rock/power pop from Toronto – recommended,https://sloanmusic.bandcamp.com/album/based-on-the-best-seller,10/30/2025,9/26/2025,Yep Roc Records
Emily Yacina,Veilfall,1080,,femcon,"Warm dream pop vibes from Long Beach, California – recommended! ",https://emilyyacina.bandcamp.com/album/veilfall,10/30/2025,9/26/2025,
Creed of Greed,Judge and Jury,1088,,cancon,Calgary thrash/power metal,https://themetalobserver.bandcamp.com/album/judge-and-jury,10/30/2025,9/21/2025,
pôt-pot,Warsaw 480km,1075,,,Krautrock infused psych rock from Ireland – recommended,https://potpot.bandcamp.com/album/warsaw-480km,10/30/2025,9/19/2025,Felte
Benny Sings,Beat Tape III,1081,,,Indie soul pop jams from Amsterdam – highly recommended!,https://bennysings.bandcamp.com/album/beat-tape-iii,10/30/2025,9/19/2025,Stones Throw Records
crocus,Alive and Trembling,1082,,"cancon,femcon",Toronto doomgaze/shoegaze – recommended,https://crocus666.bandcamp.com/album/alive-and-trembling,10/30/2025,9/19/2025,
Funeral Lakes,Mountains Turned to Dust,1083,,cancon,"Dream pop/shoegaze from Kingston, ON  – recommended",https://funerallakes.bandcamp.com/album/mountains-turned-to-dust,10/30/2025,9/19/2025,
Scarlet Rae,No Heavy Goodbyes,1092,,femcon,Fuzzy emo/bedroom pop from New York – recommended,https://scarletrae.bandcamp.com/album/no-heavy-goodbyes,10/30/2025,9/19/2025,Bayonet Records
Joan Shelley,Real Warmth,1093,,femcon,,https://joanshelley.bandcamp.com/album/real-warmth,10/30/2025,9/19/2025,No Quarter Records
KaKaow,SWEAT,1084,,cancon,"Big room bass funk from Kingston, ON",https://kakaow.bandcamp.com/album/sweat,10/30/2025,9/12/2025,
Parcels,LOVED,1090,,femcon,Alt pop fusing disco & soul – recommended ,https://parcelsmusic.bandcamp.com/album/loved-1,10/30/2025,9/12/2025,Because Music
Peki Momés,Peki Momés,1091,,femcon,"Psychedelic, tropical Turkish jazz-funk from Germany – highly recommended",https://pekimomes.bandcamp.com/album/peki-mom-s,10/30/2025,9/12/2025,Mocambo
Tough Knit,Chatoyancy,1079,,"cancon,femcon",Lo-fi art folk/pop from Montreal – recommended,https://toughknit.bandcamp.com/album/chatoyancy,10/30/2025,9/9/2025,Digitalis Limited
Kasador,Kasador II,1085,,cancon,"Folk rock from Kingston, ON ",https://kasador.bandcamp.com/album/kasador-ii,10/30/2025,9/9/2025,
Scree,August,1076,,,Instrumental jazzy ballads from Brooklyn – recommended,https://screeband.bandcamp.com/album/august,10/30/2025,8/22/2025,Ruination Record Co.
Octoberman,Chutes,1087,,cancon,Toronto folk rock,https://octoberman.bandcamp.com/album/chutes,10/30/2025,8/13/2025,
Corey Matheson and Northumberland,Rid the Darkness,1086,,cancon,Country-rock from Nova Scotia,https://northumberland1.bandcamp.com/album/rid-the-darkness,10/30/2025,8/1/2025,Early Music
The Hello Crows,The Hello Crows,1065,,"cancon,femcon,indigenous",Folk rock from New Brunswick,https://thehellocrows.bandcamp.com/album/the-hello-crows,10/28/2025,9/30/2025,Amphetamine Reptile Records
Rich Brown,NYAEBA,1059,,cancon,Explorations & experiments into solo bass guitar jazz arrangements,https://richbrown-whirlwind.bandcamp.com/album/nyaeba,10/28/2025,9/26/2025,
Cate Le Bon,Michelangelo Dying,1060,,femcon,Art pop from the UK ,https://catelebon.bandcamp.com/album/michelangelo-dying,10/28/2025,9/26/2025,Mexican Summer
CHANCES,And Now You Become a Seeker,1061,,"cancon,femcon",Montreal pop ,https://chancesmusic.bandcamp.com/album/and-now-you-become-a-seeker,10/28/2025,9/26/2025,
porcelain horse,Porcelain Horse,1074,,cancon,"Shoegaze/dream pop from Victoria, BC – recommended! ",https://porcelainhorsemusic.bandcamp.com/album/porcelain-horse,10/28/2025,9/26/2025,Portrayal of Guilt Records
Ashbreather,La Grande Bouffe,1058,,cancon,Sludgy prog metal from Montreal ,https://ashbreather.bandcamp.com/album/la-grande-bouffe,10/28/2025,9/19/2025,
Jules Encore,Poti le pothos,1062,,"cancon,francophone",Jangly dream pop from Montreal – recommended,https://julesencore.bandcamp.com/album/poti-le-pothos,10/28/2025,9/19/2025,
L'Antidote,L'Antidote,1067,,,"Jazz trio from Paris exploring sounds from Lebanon, Albania, & Iran. Recommended",https://lantidote.bandcamp.com/album/lantidote,10/28/2025,9/19/2025,Ponderosa Music Records
Lauren Mann,Heaven,1069,,"cancon,femcon","Folk pop from Pender Island, BC",https://laurenmannmusic.bandcamp.com/album/heaven,10/28/2025,9/19/2025,
Saku Mantere,Divine Apology,1070,,cancon,Vocal jazz from Montreal – recommended! ,https://sakumantere.bandcamp.com/album/divine-apology,10/28/2025,9/19/2025,
múm,History of Silence,1071,,femcon,Experimental orchestral pop arrangements from Iceland ,https://mumband.bandcamp.com/album/history-of-silence,10/28/2025,9/19/2025,Morr Music
Pompey,I'm Scared,1073,,cancon,Warm DIY/bedroom folk vibes from Montreal – recommended! ,https://thepompey.bandcamp.com/album/im-scared,10/28/2025,9/15/2025,Wiiija Records
fleshwater,2000: In Search Of The Endless Sky,1064,,femcon,Shoegaze/post-hardcore from Massachusetts – recommended,https://fleshwater.bandcamp.com/album/2000-in-search-of-the-endless-sky,10/28/2025,9/5/2025,Closed Casket Activities
Lapelúda,entre cielo y tierra,1068,,"cancon,femcon",Indie folk with latinx influences from Montreal – recommended! ,https://lapeluda.bandcamp.com/album/entre-cielo-y-tierra-3,10/28/2025,9/2/2025,
Endlings,PARALLEL 03,1063,,cancon,This one's a treat for fans of sound art & sound collage – abstract & textured organic arrangements ,https://endlings1.bandcamp.com/album/parallel-03-w-vnm,10/28/2025,8/22/2025,Lightning Feet
Humour,Learning Greek,1066,,,"Alt rock/post-hardcore from Glasgow, UK – recommended",https://humour1.bandcamp.com/album/learning-greek,10/28/2025,8/8/2025,So Young Records
they are gutting a body of water,LOTTO,1052,,,"Fuzzy, hazy shoegaze from Philadelphia – recommended",https://theyareguttingabodyofwater.bandcamp.com/album/lotto,10/24/2025,10/17/2025,
Jared Popma,When It Rains,1043,,cancon,Soft jazzy pop from BC featuring a string quartet ,https://jaredpopma.bandcamp.com/album/when-it-rains,10/24/2025,10/11/2025,Ghost Music
Geese,Getting Killed,1031,,,Art/post-punk from Brooklyn – recommended! ,https://geesebandnyc.bandcamp.com/album/getting-killed,10/24/2025,9/26/2025,Play It Again Sam
The Pack a.d.,Shiny New Old Songs,1042,,,Legendary Vancouver group returns with 8 tracks of catchy psych/garage rock recorded straight to tape ,https://thepackad.bandcamp.com/album/shiny-new-old-songs,10/24/2025,9/26/2025,
UNIVERSITY,YES,1054,,,"Noisy, experimental rock grooves from the UK – highly recommended EP ",https://abandcalleduniversity.bandcamp.com/album/yes?search_item_id%3D2305175771%26search_item_type%3Da%26search_match_part%3D%253F%26search_page_id%3D4765136453%26search_page_no%3D0%26search_rank%3D1=,10/24/2025,9/26/2025,
Patrick Watson,Uh Oh,1056,,cancon,Gentle folk pop from Montreal ,https://patrickwatson.bandcamp.com/album/uh-oh,10/24/2025,9/26/2025,Secret City Records
The Sour Patch Men,The Second Best Band In Bowness,1050,,cancon,Catchy bluegrass/country from Calgary – recommended! ,https://sourpatchmen.bandcamp.com/album/the-second-best-band-in-bowness,10/24/2025,9/24/2025,Wave Racers Collective
Ev. G,And Then I Go Up,1029,,cancon,Experimental hip-hop & bedroom pop vibes from Calgary,https://evgevg.bandcamp.com/album/and-then-i-go-up,10/24/2025,9/23/2025,Soulspazm
haloplus+,Musicality,1032,,femcon,"Dreamy, y2k-leaning bedroom pop from Copenhagen, Denmark – highly recommended",https://haloplus.bandcamp.com/album/musicality,10/24/2025,9/19/2025,Escho
Asta Hiroki,Continuation,1034,,,Chilled-out & cinematic instrumental jazztronica/downtempo/hip-hop from Paris – enjoying this one ,https://astahiroki.bandcamp.com/album/continuation,10/24/2025,9/19/2025,Folded Music
Kieran Hebden + William Tyler,41 Longfield Street Late ‘80s,1035,,,A collaboration between two iconic artists – this one fuses Kieran (Four Tet)'s hypnagogic approach to dance music with William's cosmic folk sound,https://fourtet.bandcamp.com/album/41-longfield-street-late-80s?search_item_id%3D4139075821%26search_item_type%3Da%26search_match_part%3D%253F%26search_page_id%3D4765071852%26search_page_no%3D0%26search_rank%3D1=,10/24/2025,9/19/2025,Temporary Residence Limited
Microcorps,CLEAR VORTEX CHAMBER,1039,,,This one's a treat for fans of darkwave & industrial music on the experimental side,https://microcorps.bandcamp.com/album/clear-vortex-chamber-2?search_item_id%3D1779421557%26search_item_type%3Da%26search_match_part%3D%253F%26search_page_id%3D4765082289%26search_page_no%3D0%26search_rank%3D1=,10/24/2025,9/19/2025,
Nation of Language,Dance Called Memory,1041,,,"""Synthpop, minimal wave, post-punk, goth, new romantic "". Love this one! ",https://nationoflanguage.bandcamp.com/album/dance-called-memory,10/24/2025,9/19/2025,Sub Pop Records
SANAM,Sametou Sawtan,1047,,,Experimental rock from Beirut – highly recommended! ,https://sanambeirut.bandcamp.com/album/sametou-sawtan,10/24/2025,9/19/2025,Constellation
Len Bowen,"If You Don't See Me, You Saw Me",1020,,cancon,Underground hip-hop from Winnipeg – recommended,https://lenbowen.bandcamp.com/album/if-you-dont-see-me-you-saw-me,10/24/2025,9/12/2025,Slime Recordings
Handsome Tiger,DIASPORA II,1033,,cancon,"""The record deepens his signature decolonial bass aesthetic as it bridges Indigenous, Pan-African, Latin, and global rhythms through the atomic energy of the sound system culture.""",https://handsometiger.bandcamp.com/album/diaspora-ii,10/24/2025,9/12/2025,
King Princess,Girl Violence,1036,,femcon,"Fuzzy, dreamy pop from Brooklyn",https://kingprincess.bandcamp.com/album/girl-violence,10/24/2025,9/12/2025,section1
Revelator,Light the Devil's Fire,1045,,cancon,Death metal from Edmonton – excellent riffs & production,https://revelator2.bandcamp.com/album/light-the-devils-fire,10/24/2025,9/12/2025,Nameless Grave Records
Gruff Rhys,Dim Probs,1046,,,"Jangly, warm folk-pop in Welsh! Recommended. ",https://gruffrhys.bandcamp.com/album/dim-probs,10/24/2025,9/12/2025,Rock Action Records
Peter Gagliardi,Pandora Unlocked: Chrysanthemum Yellow,1030,,cancon,Psychill sci-fi vibes from Calgary – space vibes ,https://petergagliardi.bandcamp.com/album/pandora-unlocked-chrysanthemum-yellow?search_item_id%3D1817124027%26search_item_type%3Da%26search_match_part%3D%253F%26search_page_id%3D4765061083%26search_page_no%3D0%26search_rank%3D1=,10/24/2025,9/10/2025,
Socool,To the Nines,1048,,cancon,"Excellent downtempo/electronica from Vancouver to get focused – drifrs between ambient, breakbeat, & IDM sounds ",https://socool.bandcamp.com/album/to-the-nines,10/24/2025,9/9/2025,
Maita Waters,Ruthless and Tender,1055,,cancon,3 excellent live recordings from a Victoria-based singer-songwriter,https://maitawaters.bandcamp.com/album/ruthless-and-tender,10/24/2025,9/7/2025,
Primp,Primp,1044,,"cancon,femcon",Jangly power pop from Vancouver – recommended! ,https://primp.bandcamp.com/album/primp,10/24/2025,9/6/2025,Lantis
Chore,Oswego Park,1023,,cancon,Grunge/post-hardcore from Ontario! ,https://choreband.bandcamp.com/album/oswego-park?search_item_id%3D4138316177%26search_item_type%3Da%26search_match_part%3D%253F%26search_page_id%3D4765037333%26search_page_no%3D0%26search_rank%3D1=,10/24/2025,9/5/2025,
Erosion,Invasive Species,1025,,cancon,"Vancouver grindcore
",https://mechanizedapparatusrevolt.bandcamp.com/album/invasive-species?search_item_id%3D2591330828%26search_item_type%3Da%26search_match_part%3D%253F%26search_page_id%3D4765052270%26search_page_no%3D0%26search_rank%3D1=,10/24/2025,9/5/2025,Mechanized Apparatus Revolt
Faetooth,Labyrinthine,1026,,femcon,"Sludgy ""fairy doom"" metal from LA – recommended",https://faetooth.bandcamp.com/album/labyrinthine?search_item_id%3D2239340294%26search_item_type%3Da%26search_match_part%3D%253F%26search_page_id%3D4765053677%26search_page_no%3D0%26search_rank%3D1=,10/24/2025,9/5/2025,The Flenser
La Dispute,No One Was Driving The Car,1037,,,Emo/post-hardcore/spoken word from Grand Rapids – recommended,https://ladispute.bandcamp.com/album/no-one-was-driving-the-car?search_item_id%3D1209968033%26search_item_type%3Da%26search_match_part%3D%253F%26search_page_id%3D4765078992%26search_page_no%3D0%26search_rank%3D1=,10/24/2025,9/5/2025,Epitaph
Sophia Stel,How to Win At Solitaire,1049,,"cancon,femcon",Dreamy indie sleaze from Vancouver ,https://sophiastel.bandcamp.com/album/how-to-win-at-solitaire,10/24/2025,9/5/2025,Pack Records
Super Pyramid,Comment if This Is Paradise!,1051,,cancon,Psych folk-pop from Montreal – recommended! ,https://superpyramid.bandcamp.com/album/comment-if-this-is-paradise,10/24/2025,9/3/2025,
The Casket Lottery,Feel The Teeth,1022,,,Post-hardcore from Kansas City ,https://thecasketlottery.bandcamp.com/album/feel-the-teeth,10/24/2025,8/29/2025,
Understanding,the joy of living,1053,,cancon,Jazzy lo-fi indie pop/rock from Toronto ,https://understanding123.bandcamp.com/album/the-joy-of-living,10/24/2025,8/29/2025,Sony Records
Broken Yolks,The View of the Bystander,1021,,cancon,"Alberta skate punk – fans of Strike Anywhere, Rise Against, & similar will enjoy",https://highenddenimrecords.bandcamp.com/album/the-view-of-the-bystander,10/24/2025,8/8/2025,Bachelor Records
xNULLIFYx,xNULLIFYx,1057,,,Chicago hardcore punk,https://newmoralityzine.bandcamp.com/album/xnullifyx?search_item_id%3D4071497164%26search_item_type%3Da%26search_match_part%3D%253F%26search_page_id%3D4765140278%26search_page_no%3D0%26search_rank%3D1=,10/24/2025,8/6/2025,
The Mighty Rootsmen,The Mighty Rootsmen,1040,,,Reggae supergroup covers 10 hits – good vibes only! ,https://themightyrootsmen.bandcamp.com/album/the-mighty-rootsmen,10/24/2025,7/25/2025,Songintheair
Josh Cole,quartet +strings,1024,,cancon,Free jazz/musique concrete from Toronto ,https://cassiarrecords.bandcamp.com/album/quartet-strings?search_item_id%3D73611143%26search_item_type%3Da%26search_match_part%3D%253F%26search_page_id%3D4765038363%26search_page_no%3D0%26search_rank%3D1=,10/24/2025,7/18/2025,
BirdBelly,The Wind The Wood,1017,,"cancon,femcon",Americana/folk from Edmonton,https://birdbelly.bandcamp.com/album/the-wind-the-wood,10/22/2025,10/17/2025,GoodLife
Superkaleidogram 800,Popsicleland,1015,,cancon,Bedroom psych pop vibes from Montreal – recommended,https://superkaleidogram800.bandcamp.com/album/popsicleland,10/22/2025,9/26/2025,Laurentia Records
Red Ram,Those Days Those Dreams,1013,,"cancon,femcon",Alt rock/dream pop from Edmonton,https://redram1.bandcamp.com/album/those-days-those-dreams,10/22/2025,9/16/2025,
Orions Belte,Pur Jus,996,,,"Alt pop with a jazzy, ""world music"" groove from Oslo, Norway",https://orionsbelte.bandcamp.com/album/pur-jus,10/22/2025,9/12/2025,Jansen Records
Will Paquin,Hahaha,997,,,Alt/pop/garage rock from Boston,https://willpaquin.bandcamp.com/album/hahaha,10/22/2025,9/12/2025,
Rian Treanor & Cara Tolmie,Body Lapse,999,,,Fans of IDM & glitchy electronica will love this one ,https://riantreanor.bandcamp.com/album/body-lapse,10/22/2025,9/12/2025,Planet Mu
Sydney Minsky Sargeant,Lunga,1001,,,Hazy alt folk from the UK with ambient & shoegaze influences – recommended,https://sydneyminskysargeant.bandcamp.com/album/lunga,10/22/2025,9/12/2025,Domino
Verses GT,Verses GT,1003,,cancon,A great collaboration between Jacques Greene & Nosaj Thing – fans of either producer's output should check this one out ,https://versesgt.bandcamp.com/album/verses-gt,10/22/2025,9/12/2025,LuckyMe
Margaret Glaspy,The Golden Heart Protector,1007,,femcon,Soulful Brooklyn folk,https://margaretglaspy.bandcamp.com/album/the-golden-heart-protector,10/22/2025,9/12/2025,ATO Records
Umläb,Silence radio,1002,,"cancon,francophone","Jazz fusion from Moncton, NB. Recommended! ",https://umlab.bandcamp.com/album/silence-radio,10/22/2025,9/11/2025,Javotti Media
Roselle,Regardez-moi,1014,,"cancon,femcon,francophone",Great pop from Montreal – recommended! ,https://roselle.bandcamp.com/album/regardez-moi,10/22/2025,9/9/2025,Oceanic Music Recordings
Jamie Penner,Modern Retroism,998,,cancon,"Instrumental electronic from BC drawing on influences from krautrock, synthwave, and Berlin school – retro vibes. ",https://jamiepenner.bandcamp.com/album/modern-retroism,10/22/2025,9/6/2025,
Sons of Sevilla,Street Light Moon,1000,,,Cosmic 70s-soaked psych folk/pop from a Spanish duo – recommended! ,https://sonsofsevilla.bandcamp.com/album/street-light-moon,10/22/2025,9/5/2025,Ubiquity
Doug Paisley,Streets of Heaven,1009,,cancon,Introspective lo-fi folk from Toronto,https://dougpaisley.bandcamp.com/album/streets-of-heaven,10/22/2025,9/5/2025,No Quarter Records
Christian McBride,"Without Further Ado, Vol 1",1008,,,Fans of vocal jazz will enjoy this one ,https://christianmcbride.bandcamp.com/album/without-further-ado-vol-1,10/22/2025,8/29/2025,Mack Avenue Records
Asymmetric Universe,A Memory And What Came After,1016,,,Italian prog/djent – recommended!,https://asymmetricuniverse.bandcamp.com/album/a-memory-and-what-came-after-24-bit-hd-audio,10/22/2025,8/29/2025,Inside Out Music
Woody,TOPAZE,1006,,"cancon,francophone",Quebecois rap/trap – recommended! Some tracks are explicit,https://woody514.bandcamp.com/album/topaze,10/22/2025,8/8/2025,
Agropelter,The Book Of Hours,1010,,,"Fans of prog groups like Camel, King Crimson, and Vangelis will love this one!",https://lasersedge.bandcamp.com/album/the-book-of-hours,10/22/2025,7/25/2025,The Laser‚Äôs Edge
Automatic,Is It Now?,970,,femcon,Post-punk meets synth pop. Excellent sound! Cheers to Trevor for suggesting this one,https://automatic-band.bandcamp.com/album/is-it-now,10/17/2025,9/26/2025,
Rochelle Jordan,Through The Wall,971,,"femcon,cancon,jammer pick",R&b/pop vocals over club sounds spanning footwork & house. Highly recommended! Shout out to Girlie so Groovie ,https://rochellejordan.bandcamp.com/album/through-the-wall,10/17/2025,9/26/2025,EMPIRE
Purity Ring,Purity Ring,972,,"femcon,cancon,jammer pick","Lots of cool influences on this one; video game soundtracks, futurism, hyperpop, drum & bass. Excellent production. Great find by Trevor K.",https://purityring.bandcamp.com/album/purity-ring,10/17/2025,9/26/2025,Def Soul
Lady Wray,Cover Girl,973,,"femcon,jammer pick",Retro-meets-new-school jazzy funk & soul vibes on this one. Highly recommended! Suggested by Trevor K. ,https://ladywray.bandcamp.com/album/cover-girl,10/17/2025,9/26/2025,Big Crown Records
Neko Case,Neon Grey Midnight Green,974,,"femcon,jammer pick,cancon",Highly polished & ambitious release from a Canadian legend. Ethereal vocals over chamber pop/americana/folk aesthetics. Recommendation by Trevor from GSG! ,https://nekocaseofficial.bandcamp.com/album/neon-grey-midnight-green,10/17/2025,9/26/2025,Anti‚Äê
Absolute Losers,In The Crowd,986,,cancon,Rock/power pop from Charlottetown,https://absolutelosers.bandcamp.com/album/in-the-crowd,10/17/2025,9/26/2025,We Are Busy Bodies
Kitba,Hold the Edges,965,,"femcon,jammer pick",Chamber/synth pop from Brooklyn – recommended by Trevor from GSG! ,https://kitba.bandcamp.com/album/hold-the-edges,10/17/2025,9/19/2025,Ruination Record Co.
Halima,Sweet Tooth,966,,"femcon,jammer pick",Soulful pop/r&b with afro-pop influences – great production! Suggested by Trevor,https://halima.bandcamp.com/album/sweet-tooth,10/17/2025,9/19/2025,drink sum wtr
Ripe,Play The Game,984,,,Rock with funk & pop elements from Boston,https://ripemusic.bandcamp.com/album/play-the-game,10/17/2025,9/19/2025,Glassnote
bloom effect,oscilón,989,,"cancon,femcon","""Soaring shoegaze and swirling dream-pop with touches of post-punk and new wave.""",https://bloomeffect.bandcamp.com/album/oscil-n,10/17/2025,9/19/2025,Kingfisher Bluez
Ebi Soda,frank dean and andrew,992,,,"Unique, loose UK jazz molding together elements of dub & hip-hop. Recommended! ",https://ebi-soda.bandcamp.com/album/frank-dean-and-andrew,10/17/2025,9/19/2025,Tru Thoughts
Mappe Of,Afterglades,995,,cancon,Ambient folk from Toronto ,https://mappeof.bandcamp.com/album/afterglades,10/17/2025,9/19/2025,Paper Bag Records
Guerilla Toss,You're Weird Now,964,,"femcon,jammer pick","Excellent art/math rock from New York drawing on krautrock, synthpop, & post-punk. Recommended! Thanks to Trevor from GSG for the rec. ",https://guerillatoss.bandcamp.com/album/youre-weird-now,10/17/2025,9/12/2025,Sub Pop Records
Joviale,Mount Crystal,967,,"femcon,jammer pick","Lush, polished pop album from London, UK. Highly recommended. Thanks Trevor for putting me onto this one!",https://joviale.bandcamp.com/album/mount-crystal,10/17/2025,9/12/2025,Ghostly International
Robin Kester,Dark Sky Reserve,968,,"femcon,jammer pick","folktronica/folk pop from the Netherlands – highly recommended. Thanks for this one, Trevor! ",https://robinkester.bandcamp.com/album/dark-sky-reserve,10/17/2025,9/12/2025,Memphis Industries
Frost Children,SISTER,976,,femcon,Rave pop/EDM from New York ,https://frostchildren.bandcamp.com/album/sister,10/17/2025,9/12/2025,True Panther Records
Grant Lyle,And Now,981,,cancon,Bluesy rock from Toronto ,https://grantlyle.bandcamp.com/album/and-now,10/17/2025,9/12/2025,
Holly Palmer,Metamorphosis,982,,femcon,Art pop/jazz fusion from LA ,https://hollypalmer.bandcamp.com/album/metamorphosis,10/17/2025,9/12/2025,Reprise Records
Anysia Kym & Tony Seltzer,Purity,987,,femcon,"Futuristic pop/electronica fused with elements of breakbeat, hip hop, and deconstructed club. Recommended! ",https://anysiakym.bandcamp.com/album/purity,10/17/2025,9/12/2025,10k
By A Thread,Mirrored Life,990,,cancon,Post-hardcore from Vancouver,https://byathread.bandcamp.com/album/mirrored-life,10/17/2025,9/12/2025,Revelation Records
Embo/phlébite,J'écoute avec mes yeux,993,,"cancon,francophone",Jangly art pop from Montreal – recommended! ,https://embophlebite.bandcamp.com/album/j-coute-avec-mes-yeux,10/17/2025,9/12/2025,
Tchotchke,Playin' Dumb,963,,"femcon,jammer pick",A unique fusion of baroque/bubblegum pop & rock 'n' roll aesthetics from New York. Recommended! Suggested by Trevor ,https://tchotchke.bandcamp.com/album/playin-dumb,10/17/2025,9/5/2025,
Saint Etienne,International,969,,"femcon,jammer pick","Sweet, lush electronica/pop with italo disco influences – highly recommended. Suggestion by Trevor from Girlie So Groovie ",https://heavenlyrecordings.bandcamp.com/album/saint-etienne-international,10/17/2025,9/5/2025,Heavenly Recordings
james K,Friend,994,,femcon,"Ethereal, dreamy, & unique bedroom pop. One of my favourite releases of the year. Lots of CANCON credits on some tracks, if you're interested",https://jameskmusic.bandcamp.com/album/friend,10/17/2025,9/5/2025,AD 93
King of Foxes,Hall of Shame,979,,"cancon,femcon",Grunge/alt rock from Edmonton ,https://kingoffoxes.bandcamp.com/album/hall-of-shame,10/17/2025,9/4/2025,
Lathe of Heaven,Aurora,980,,,Goth/new wave/post-punk vibes from Brooklyhn – highly recommended,https://latheofheaven.bandcamp.com/album/aurora,10/17/2025,8/29/2025,Sacred Bones Records
Godfall,Parade of Rot,978,,cancon,Calgary metalcore,https://godfall1.bandcamp.com/album/parade-of-rot,10/17/2025,8/27/2025,Blood Harvest
Alison Goldfrapp,Flux,975,,"femcon,jammer pick","Timeless, lush synth-pop from the UK. Highly recommended! Nice find by Trevor ",https://open.spotify.com/album/4pN57ynmI7e8JPA6egj1t8?si=Zbf_ST7nSzWBbArKaMJT3w,10/17/2025,8/15/2025,
Blackbraid,Blackbraid III,988,,indigenous,Atmospheric black metal – epic! ,https://blackbraid.bandcamp.com/album/blackbraid-iii,10/17/2025,8/8/2025,
deadmau5,Error5 EP,991,,cancon,The Canadian legend of progressive house puts out his second EP of the year ,https://deadmau5.bandcamp.com/album/error5-ep,10/17/2025,8/8/2025,mau5trap
Johnny Posh,Life Subconscious,983,,cancon,"Exotic, droning experimental downtempo/electronica ",https://randomcollective.bandcamp.com/album/life-subconscious-2,10/17/2025,7/31/2025,
space.tracer,It Is What It Is,962,,"singles club,cancon,local",Garage/alt rock from Windsor!,https://www.youtube.com/watch?v=4-qjXznXlIM,10/16/2025,9/6/2025,
Gnome Chimpsky,Okie Dokie,961,,"singles club,local,cancon","Dreamy, jangly alt/psych rock from Windsor – recommended! ",https://gnomechimpsky.bandcamp.com/album/okie-dokie,10/16/2025,8/30/2025,
Kizwana,featherz,957,,"singles club,local,cancon,femcon","Emotional, well-produced fusion of pop/r&b! ",https://open.spotify.com/track/40CYTrCCfTt5wjcmda7mvO?si=f48cabe5b8b84c85,10/16/2025,8/1/2025,
Rachel Ritchie,Something more,958,,"singles club,local,cancon,femcon",Folk pop from a local singer-songwriter! ,https://open.spotify.com/track/0C10irqeWWvkVQUBSj4HWB?si=6fb63794acf24e17,10/16/2025,7/25/2025,
Abaddon,Greed (Radio Edit),956,,"singles club,local,cancon","Old school, gritty hard rock/thrash from Windsor! ",https://open.spotify.com/track/007AQAgoSO7Tklqp10UwWk?si=9ae6ae468a2d4bda,10/14/2025,7/29/2025,
SCALER,Endlessly,929,,femcon,"A unique, dreamy, & super-polished blend of trip-hop, drum 'n' bass, and pop from Bristol, UK. Highly recommended! ",https://scalerband.bandcamp.com/album/endlessly,10/9/2025,9/26/2025,Black Acre
The Dirty Beat,Birthrite: Lancing the Boil,942,,cancon,Winnipeg folk rock ,https://thedirtybeat.bandcamp.com/album/birthrite-lancing-the-boil-2,10/9/2025,9/26/2025,Partica Artist Group
Frog,THE COUNT,944,,,"Lo-fi, charming indie folk pop with some americana influences – recommended",https://heyitsfrog.bandcamp.com/album/the-count,10/9/2025,9/19/2025,Audio Antihero
The Blue,So Look At The Bright Side,935,,cancon,"Easy, smooth, & soulful hip hop from Calgary. Highly recommended! ",https://thebluexo.bandcamp.com/album/so-look-at-the-bright-side,10/9/2025,9/16/2025,
Elexa Dawson,Stay Put,941,,"femcon,indigenous",Folk/roots/americana from Kansas,https://elexa.bandcamp.com/album/stay-put-2,10/9/2025,9/15/2025,White Russian Records
Midnight Channel,Alien Love Songs,951,,cancon,Experimental jazz fusion from Alberta – impressive technical instrumentation on this one!,https://midnightchannel.bandcamp.com/album/alien-love-songs,10/9/2025,9/12/2025,
Fan Club,Stimulation,903,,,Garage punk from Seattle – recommended! ,https://officialfanclubfanclub.bandcamp.com/album/stimulation,10/9/2025,9/5/2025,
Funk Assault,Soft Power,905,,,"Rhythmic, booming minimal techno from Berlin. Excellent music for locking in or the dancefloor ",https://primalinstinctrec.bandcamp.com/album/soft-power,10/9/2025,9/5/2025,Primal Instinct
Iglooghost,Bronze Claw Iso,912,,,Cloud rap over futuristic/hyerpop beats. Highly recommended for those into leftfield/glitchy electronica ,https://iglooghost.bandcamp.com/album/bronze-claw-iso-1,10/9/2025,9/5/2025,LuckyMe
Simon Lachance,Cycle délicat,916,,"cancon,francophone","Smooth, jangly folk pop from Quebec City. Highly recommended! ",https://simonlachance.bandcamp.com/album/cycle-d-licat,10/9/2025,9/5/2025,Rosemarie Records
Marina Mello,deságua,918,,femcon,"Meditative improvised harp playing, tastefully processed. Super atmospheric but emotional. I dig it! ",https://marinamello.bandcamp.com/album/des-gua-3,10/9/2025,9/5/2025,CROWN STONES
MICK HARRIS,CULVERT DUB SESSIONS FOUR,920,,,This one is an absolute gem for fans of atmospheric dub techno. Awesome textures!,https://liesrecords.bandcamp.com/album/culvert-dub-sessions-four,10/9/2025,9/5/2025,L.I.E.S.
El Michels Affair,24 Hr Sports,943,,,Silky smooth r&b/soul/funk – I love this one ,https://elmichelsaffair.bandcamp.com/album/24-hr-sports,10/9/2025,9/5/2025,Big Crown Records
Gwenifer Raymond,Last Night I Heard The Dog Star Bark,946,,femcon,"Rich, guitar-driven gothic americana instrumental storytelling from Brighton, UK. A lovely record. ",https://gweniferraymond.bandcamp.com/album/last-night-i-heard-the-dog-star-bark,10/9/2025,9/5/2025,We Are Busy Bodies
DON MACDONALD,Short Stories,950,,cancon,Smooth & soft vocal jazz – recommended,https://donmacdonald.bandcamp.com/album/short-stories,10/9/2025,9/5/2025,
Steven Bamidele,THE CRASH!,955,,,"Cosmic soul/jazztronica/r&b from London, UK. This one is buttery smooth & expertly produced. Highly recommended! ",https://stevenbamidele.bandcamp.com/album/the-crash,10/9/2025,9/5/2025,Tru Thoughts
Steph Clifford,Cocoon,939,,"cancon,femcon",Emotional folk from British Columbia! ,https://stephclifford.bandcamp.com/album/cocoon,10/9/2025,9/1/2025,null records
C.R. Gillespie,Island of Women,908,,cancon,"Excellent new age/ambient from Nanaimo, BC. Highly recommended if you're into this kind of vibe! ",https://crgillespie.bandcamp.com/album/island-of-women,10/9/2025,8/29/2025,S√©ance Centre
Sarah Houston,Mementos,911,,"cancon,femcon","Gentle, soothing solo piano from Calgary",https://sarahhouston.bandcamp.com/album/mementos,10/9/2025,8/29/2025,
Jacob Garchik,Ye Olde 2: At the End of Time,913,,,Free-flowing but tight jazz fusion from New York,https://jacobgarchik.bandcamp.com/album/ye-olde-2-at-the-end-of-time,10/9/2025,8/29/2025,Yestereve Records
Eliot Krimsky,I Made My House,915,,,Gorgeous ambient jazz from New York. Highly recommended! ,https://eliotkrimsky.bandcamp.com/album/i-made-my-house,10/9/2025,8/29/2025,Moon Glyph
Brad Mehldau,Ride into the Sun,919,,,Jazz/neo-classical featuring music by the legendary Elliott Smith from one of the greats of jazz piano! ,https://bradmehldau.bandcamp.com/album/ride-into-the-sun,10/9/2025,8/29/2025,Nonesuch Records Inc.
Pearly Drops,The Voices Are Coming Back,924,,femcon,"Bedroom/dream/synth pop from Helsinki, Finland – highly recommended!",https://pearlydrops.bandcamp.com/album/the-voices-are-coming-back,10/9/2025,8/29/2025,music website ‚ò∫Ô∏é
"Shabason, Krgovich, Tenniscoats",Wao,930,,cancon,"Fans of Joseph Shabason and his many projects will love this one, featuring his signature fusion of ambient jazz & pop. Essential CANCON :-)",https://josephshabason.bandcamp.com/album/wao,10/9/2025,8/29/2025,Western Vinyl
SLOW CRUSH,Thirst,932,,"cancon,femcon",Dream pop/shoegaze from Belgium – recommended! ,https://slowcrush.bandcamp.com/album/thirst,10/9/2025,8/29/2025,Pure Noise Records
Rodney Crowell,Airline Highway,940,,,Soft americana/country from Texas ,https://rodneycrowell.bandcamp.com/album/airline-highway,10/9/2025,8/29/2025,New West Records
Ganser,Animal Hospital,945,,femcon,Art rock/post-punk from Chicago. Highly recommended! ,https://ganser.bandcamp.com/album/animal-hospital,10/9/2025,8/29/2025,Felte
Kazi,King,948,,,Fans of jazzy instrumental hip hop will love this one! Recommended.,https://kazi-urbnet.bandcamp.com/album/king,10/9/2025,8/29/2025,Brick9000 Records
Lhasa Petik,THYMIA,953,,"cancon,femcon",Winnipeg indie pop/edm,https://lhasapetik.bandcamp.com/album/thymia,10/9/2025,8/29/2025,Transistor Sounds
MK mono,Take Whats Given,921,,cancon,Groovy retro soul/funky disco from Victoria – highly recommended! ,https://mkmono.bandcamp.com/album/take-whats-given,10/9/2025,8/25/2025,Ultra Records
The Problem With Kids Today,Take It!,925,,femcon,Catchy garage/punk rock from Connecticut. I love this one,https://theproblemwithkidstoday.bandcamp.com/album/take-it,10/9/2025,8/22/2025,
Kaycie Satterfield,444 Angels,928,,femcon,Indie/folk pop from LA. Highly recommended! ,https://kayciesatterfield.bandcamp.com/album/444-angels,10/9/2025,8/22/2025,
Adrian Sherwood,The Collapse Of Everything,931,,,"""dub infused in jazz & psyched rock"" from the UK – recommended! ",https://adriansherwood.bandcamp.com/album/the-collapse-of-everything,10/9/2025,8/22/2025,On-U Sound
heddlu,tramor,910,,,"Alt rock/dream pop vibes from Wales, UK. Good release ",https://heddlu.bandcamp.com/album/tramor,10/9/2025,8/21/2025,
Sound Effects,No Songs Yet,934,,cancon,Synth-heavy noise rock/punk from Vancouver. Excellent release. ,https://trashtronix.bandcamp.com/album/no-songs-yet,10/9/2025,8/19/2025,
Dragnet,Dragnet Reigns!,902,,,Garage/post punk from Melbourne – highly recommended,https://dragnetband.bandcamp.com/album/dragnet-reigns,10/9/2025,8/15/2025,Spoilsport Records
Friendly Rich,The Birds of Marsville,904,,cancon,"Avant garde concept album from Brampton, ON exploring the more experimental side of orchestral music. Draws on folk, free jazz, and field recordings. Very unique",https://friendlyrich.bandcamp.com/album/the-birds-of-marsville,10/9/2025,8/15/2025,We Are Busy Bodies
JER,Death of the Heart,914,,,"A unique blend of punk/emo, ska, & rapping from Florida. A very fun release! ",https://jerska.bandcamp.com/album/death-of-the-heart,10/9/2025,8/15/2025,Bad Time Records
Anthrodynia,Unspeakable Horrors Emanating from Within,938,,cancon,Doom/black metal from Edmonton ,https://anthrodynia.bandcamp.com/album/unspeakable-horrors-emanating-from-within,10/9/2025,8/15/2025,Nameless Grave Records
Heartrunner,Just a Phase,909,,"cancon,femcon",Indie/alt rock from Toronto ,https://heartrunner.bandcamp.com/album/just-a-phase,10/9/2025,8/12/2025,Wonder Ego Records
Robert Pastrick,After The Rain,923,,cancon,Easy listening soft rock/smooth jazz from Winnipeg!,https://robertpastrick.bandcamp.com/album/after-the-rain-2,10/9/2025,8/12/2025,Get On Down
The Riverview Band,Finger Prints,926,,cancon,"Soulful, rocking blues from Madoc, ON. Recommended! ",https://theriverviewband.bandcamp.com/album/finger-prints,10/9/2025,8/8/2025,
Andy Haas & Brian g Skol,The Honeybee Twist,947,,cancon,"This one is a treat for fans of instrumental experimental rock with a loose, jazzy feel. The saxophone on this is killer – check out the textures! ",https://andyhaas.bandcamp.com/album/the-honeybee-twist,10/9/2025,8/1/2025,
MANSLAUGHTER 777,God's World,917,,,"Great album from a duo whose members have been in bands like The Body & Nothing. Energetic & gritty electronic drawing on punk, breakbeat, r&b, and punk. Unique sound & fantastic production",https://manslaughter777.bandcamp.com/album/gods-world,10/9/2025,7/25/2025,Thrill Jockey
Van Lupo,Devices for Profit or Escape,936,,,"""11 tracks of haunting folk and slow-swirling indie rock"" from Tel Aviv",https://vanlupo.bandcamp.com/album/devices-for-profit-or-escape,10/9/2025,7/23/2025,Low Spirit Recordings
rRoxymore,Juggling Dualities,927,,femcon,"Loose, hypnotically rhythmic electronica from Berlin combining ambient, house, & techno. Check this one out! ",https://rroxymore.bandcamp.com/album/juggling-dualities,10/9/2025,7/17/2025,!K7
bananahaus,grounders,894,,"cancon,femcon",Catchy art rock/punk vibes from Vancouver. Recommended! ,https://bananahaus.bandcamp.com/album/grounders,10/8/2025,9/12/2025,Nevado Records
Doozy,Zombie Ant Fungus,900,,cancon,A unique blend of hyperpop & fuzzy shoegaze aesthetics & a grimy hardcore feel. Recommended,https://doozyonline.bandcamp.com/album/zombie-ant-fungus,10/8/2025,9/5/2025,Schematic
Dave Douglas,Alloy,901,,,Modern improvised jazz from New York ,https://davedouglas.bandcamp.com/album/alloy,10/8/2025,9/5/2025,Greenleaf Music
ben bondy,XO Salt Llif3,895,,,"Fans of James K & Dean Blunt will love this one. Lush ambient/downtempo/post-club from Berlin with hazy, processed vocals",https://benbondy.bandcamp.com/album/xo-salt-llif3,10/8/2025,8/29/2025,ÔºìÔº∏Ôº¨
Judy Blank,Big Mood,896,,femcon,Indie/folk pop from the Netherlands. Highly recommended,https://judyblankmusic.bandcamp.com/album/big-mood,10/8/2025,8/22/2025,Rounder
Chicago Underground Duo,Hyperglyph,899,,,Improvised psych/avant jazz. A real treat for fans of Electric Miles stuff! ,https://intlanthem.bandcamp.com/album/hyperglyph,10/8/2025,8/15/2025,International Anthem Recording Co.
Burial,Comafields / Imaginary Festival,898,,,"Laidback & hazy house/dubstep from a legend in the game. This release all the characteristics of his production style, but the vibe is more cheerful & atmospheric here",https://burial.bandcamp.com/album/comafields-imaginary-festival,10/8/2025,8/1/2025,Hyperdub
Castle Rat,The Bestiary,883,,femcon,Doom metal/stoner rock with fantasy aesthetics from Brooklyn,https://castlerat.bandcamp.com/album/the-bestiary,10/2/2025,9/19/2025,King Volume Records
Algernon Cadwallader,Trying Not to Have a Thought,891,,,A well-loved emo/punk band from Philadelphia – check them out if you don't know them & enjoy this vibe! ,https://algernoncadwallader.bandcamp.com/album/trying-not-to-have-a-thought,10/2/2025,9/12/2025,Saddle Creek Records
Camilla Sparksss,ICU RUN,893,,"cancon,femcon",Coldwave/synth pop from BC! Recommended. ,https://camillasparksss.bandcamp.com/album/icu-run,10/2/2025,9/12/2025,Modulor
Altered By Mom,BETTER,892,,"cancon,femcon",Energetic alt rock/grunge from Toronto ,https://alteredbymom.bandcamp.com/album/better,10/2/2025,9/5/2025,The STUNGE Recording Co.
Philémon Cimon,Que s'est-il passé de mon enfance,885,,"cancon,francophone",Laid back & gentle folk from Montreal. Recommended,https://philemoncimon.bandcamp.com/album/que-sest-il-pass-de-mon-enfance,10/2/2025,8/29/2025,
Wucan,Axioms,890,,femcon,Psych/stoner rock drawing on krautrock vibes – recommended! ,https://wucan.bandcamp.com/album/axioms,10/2/2025,8/29/2025,Long Branch Records
Arcadea,The Exodus of Gravity,880,,,"A blend of prog, psych, and synth rock from Atlanta",https://arcadea.bandcamp.com/album/the-exodus-of-gravity,10/2/2025,8/22/2025,Relapse Records
Caity Gyorgy,Caity Gyorgy with Strings: Arranged and Conducted by Mark Limacher,887,,"cancon,femcon",Excellent vocal jazz from Montreal! ,https://caitygyorgy.bandcamp.com/album/caity-gyorgy-with-strings-arranged-and-conducted-by-mark-limacher,10/2/2025,8/22/2025,Caity Gyorgy Records
Lila Iké,Treasure Self Love,888,,femcon,A unique soulful record drawing on hip hop & reggae. Recommended.,https://ineffablerecords.bandcamp.com/album/treasure-self-love,10/2/2025,8/22/2025,Ineffable Records
The California Honeydrops,Redwood Highway,882,,,"Retro soul from Oakland, California. Recommended ",https://cahoneydrops.bandcamp.com/album/redwood-highway,10/2/2025,8/8/2025,
Wednesday,Bleeds,846,,"femcon,jammer pick",Jangly indie rock drawing on alt-country vibes in a fresh way – cheers to Mr. T for the rec! ,https://wednesdayband.bandcamp.com/album/bleeds,10/1/2025,9/19/2025,Dead Oceans
David Byrne,Who Is The Sky?,849,,jammer pick,Art rock/new wave from one of the geniuses of contemporary music. Thanks to Mr. T for recommending this one! ,https://davidbyrne.bandcamp.com/album/who-is-the-sky,10/1/2025,9/5/2025,
Big Thief,Double Infinity,850,,"jammer pick,femcon",Indie pop from Brooklyn – recommended by Mr. T of Positive Ampitude! Check this one out. ,https://bigthief.bandcamp.com/album/double-infinity,10/1/2025,9/5/2025,4AD
Curtis Harding,Departures & Arrivals: Adventures of Captain Curt,861,,,"""A psychedelic soul-funk masterpiece.""",https://curtisharding.bandcamp.com/album/departures-arrivals-adventures-of-captain-curt,10/1/2025,9/5/2025,Anti‚Äê
lynyn,Ixona,865,,,"Explorations in ambient, IDM, and electronica – recommended! ",https://lynyn.bandcamp.com/album/ixona,10/1/2025,9/5/2025,Sooper Records
No Peeling,No Peeling,870,,femcon,Fuzzy garage punk/post-punk from the UK – recommended! ,https://nopeeling.bandcamp.com/album/no-peeling,10/1/2025,9/5/2025,Feel It Records
Shallowater,God's Gonna Give You A Million Dollars,874,,,A unique fusion of country aesthetics & slowcore from Texas. Recommended. ,https://shallowater.bandcamp.com/album/gods-gonna-give-you-a-million-dollars,10/1/2025,9/5/2025,
shame,Cutthroat,875,,,"Energetic mix of post-punk, garage rock, and new wave. Highly recommended! ",https://shamebanduk.bandcamp.com/album/cutthroat,10/1/2025,9/5/2025,Dead Oceans
The Hives,The Hives Forever Forever The Hives,863,,,Top notch garage rock from Sweden – check it out! ,https://thehives.bandcamp.com/album/the-hives-forever-forever-the-hives,10/1/2025,8/29/2025,Play It Again Sam
Modern Nature,The Heat Warps,868,,,Indie rock from the UK – highly recommended ,https://modernnature.bandcamp.com/album/the-heat-warps,10/1/2025,8/29/2025,Bella Union
Runnner,A Welcome Kind of Weakness,873,,,Shoegaze/dream pop from LA – recommended! ,https://runnner.bandcamp.com/album/a-welcome-kind-of-weakness,10/1/2025,8/29/2025,Run for Cover Records
Delicate Steve,Luke's Garage,853,,,Chill & groovy instrumental guitar-driven pop jams from New Jersey,https://delicatesteve.bandcamp.com/album/lukes-garage,10/1/2025,8/22/2025,Have Fun Thinking
Devolver,Non Compos Mentis,854,,cancon,Melodic death metal from Alberta – crisp & tight! ,https://devolvermusic.bandcamp.com/album/non-compos-mentis,10/1/2025,8/22/2025,
Stacy Epps,FLOWHEART,857,,femcon,Soulful & smooth hip-hop/r&b from Atlanta – recommended,https://stacyepps.bandcamp.com/album/flowheart,10/1/2025,8/22/2025,Resource Collab
Neurotypes,Violence District,869,,cancon,Goth/industrial from Ottawa – recommended,https://neurotypes.bandcamp.com/album/violence-district,10/1/2025,8/22/2025,
Mae Powell,Making Room for the Light,871,,femcon,"Chill, jazzy folk-pop from San Francisco – highly recommended",https://maepowell.bandcamp.com/album/making-room-for-the-light,10/1/2025,8/15/2025,Colemine Records
Firstborne,Lucky,858,,,Hard rock/heavy metal from the US ,https://firstborne.bandcamp.com/album/lucky-the-full-length-debut,10/1/2025,8/8/2025,M‚ÄêTheory Audio
Sister Speak,Coming Home ep,876,,"cancon,femcon",Roots/folk from Montreal ,https://sisterspeakmusic.bandcamp.com/album/coming-home-ep,10/1/2025,8/8/2025,RESO Nation
Lunison,Fakepink,864,,,Jangly indie/garage rock from Philadelphia – recommended ,https://lunison.bandcamp.com/album/fakepink,10/1/2025,8/7/2025,
TTTTURBO,Modern Music,879,,,"Fuzzy, lo-fi garage/synth punk vibes!",https://itselevenrecords.bandcamp.com/album/modern-music,10/1/2025,8/4/2025,Harvest
DEBBY FRIDAY,The Starrr Of The Queen Of Life,847,,"femcon,cancon,jammer pick",Futuristic synth/club pop from Toronto – recommended. Suggestion by Mr. T from Positive Amplitude!,https://debbyfriday.bandcamp.com/album/the-starrr-of-the-queen-of-life-1,10/1/2025,8/1/2025,Sub Pop Records
Harvested,Dysthymia,862,,cancon,Death metal from Ottawa – good stuff ,https://harvested.bandcamp.com/album/dysthymia,10/1/2025,8/1/2025,
Miracle Fraud,Miracle Fraud,867,,cancon,Jangle pop/rock from Guelph!,https://miraclefraud.bandcamp.com/album/miracle-fraud-2,10/1/2025,7/26/2025,Babel
Daybi,Still Of Stars,851,,cancon,Polished underground hip-hop vibes from a Montreal-based Indigenous artist – recommended,https://daybi-urbnet.bandcamp.com/album/still-of-stars?search_item_id%3D35731568%26search_item_type%3Da%26search_match_part%3D%253F%26search_page_id%3D4700094537%26search_page_no%3D0%26search_rank%3D1=,10/1/2025,7/25/2025,the O studio
Editrix,The Big E,856,,femcon,Experimental/noisy rock from Massachusetts – highly recommended,https://editrix.bandcamp.com/album/the-big-e,10/1/2025,7/25/2025,Joyful Noise Recordings
bd Gottfried,Resurrection Machine,859,,cancon,"Alt rock from Kitchener, ON",https://bdgottfried.bandcamp.com/album/resurrection-machine,10/1/2025,7/25/2025,Cyberaudio Records Inc.
SnP 500,Unrolled,877,,cancon,Leftfield techno from Montreal – recommended! ,https://doo-solution.bandcamp.com/album/unrolled,10/1/2025,7/25/2025,Doo
Alex G,Headlights,848,,jammer pick,Jangly indie folk/pop – recommended! Thanks to Mr. T from PosAmp for putting me onto this one! ,https://www.youtube.com/playlist?list=PLxA687tYuMWiDkzJRBFFf8Vyf5kwpBc9R,10/1/2025,7/18/2025,RCA
Disiniblud (Rachika Nayar & Nina Keith),Disiniblud,855,,femcon,Ambient/experimental electronic from Brooklyn - recommended,https://rachika.bandcamp.com/album/disiniblud,10/1/2025,7/18/2025,Smugglers Way
Afternoon Bike Ride,Running With Scissors,796,,"cancon,femcon",Super polished indie folk/folk pop from Montreal. Fans of Men I Trust will like this one! ,https://afternoonbikeride.bandcamp.com/album/running-with-scissors,9/25/2025,9/19/2025,Friends of Friends
Bad Self Portraits,I Think I'm Going To Hell,807,,femcon,Shoegaze-y indie rock from Nebraska – recommended! ,https://badselfportraits.bandcamp.com/album/i-think-im-going-to-hell-2,9/25/2025,9/19/2025,Merciless Records
Between The Buried And Me,The Blue Nowhere,800,,,"A new release from one of the giants of prog metal today – if you like their earlier, weirder stuff, you will enjoy this one!  ",https://btbam.bandcamp.com/album/the-blue-nowhere-24-bit-hd-audio,9/25/2025,9/12/2025,Inside Out Music
Die Spitz,Something To Consume,811,,femcon,"Heavy, sludgy grunge-y grooves from Austin Texas – love this one! ",https://diespitz.bandcamp.com/album/something-to-consume,9/25/2025,9/12/2025,Third Man Records
Pino Palladino,That Wasn't A Dream,804,,,A lovely collaboration between two world-class musicians drawing heavily on latin jazz. Highly recommended! ,https://pinopalladino.bandcamp.com/album/that-wasnt-a-dream?search_item_id%3D605421007%26search_item_type%3Da%26search_match_part%3D%253F%26search_page_id%3D4679082569%26search_page_no%3D0%26search_rank%3D1=,9/25/2025,9/8/2025,impulse!
JayWood,Leo Negro,818,,cancon,"Silky smooth neo-soul/hip-hop from Montreal – highly recommended if you enjoy Frank Ocean, Kaytranada, Odd Future, & similar ",https://jaywood1.bandcamp.com/album/leo-negro,9/25/2025,9/5/2025,Captured Tracks
Paris Pick,Third Time’s A Charm,823,,"cancon,femcon",Easy pop/soul with yacht rock vibes from BC – recommended! ,https://parispick.bandcamp.com/album/third-time-s-a-charm,9/25/2025,9/5/2025,
Alicia Clara,Nothing Dazzled,841,,"cancon,femcon",Soft dream pop/ambient folk from Montreal – recommended! ,https://aliciaclara.bandcamp.com/album/nothing-dazzled,9/25/2025,9/5/2025,
André Vida,Breathless,805,,,A very unique approach on this one – mechanical but organic satisfying soundscapes composed of saxophone explorations and percussive field recordings – worth a listen if you're looking for something completely different! ,https://vidatone.bandcamp.com/album/breathless?search_item_id%3D759185130%26search_item_type%3Da%26search_match_part%3D%253F%26search_page_id%3D4679099590%26search_page_no%3D0%26search_rank%3D1=,9/25/2025,9/2/2025,PAN
Elder,Liminality / Dream State Return,840,,jammer pick,Heavy psychedelic prog rock from Berlin – check this one out! Suggested by Pascal from RCZ,https://beholdtheelder.bandcamp.com/album/liminality-dream-state-return,9/25/2025,9/2/2025,
David Bode,Good Hang,808,,,Big band jazz from New Orleans!,https://davidbodemusic.bandcamp.com/album/good-hang,9/25/2025,8/29/2025,SOURCE
Marissa Burwell,Before The Hour's Up,810,,"cancon,femcon",Dreamy indie folk/folk-pop from Regina – recommended,https://marissaburwell1.bandcamp.com/album/before-the-hours-up?search_item_id%3D1743190267%26search_item_type%3Da%26search_match_part%3D%253F%26search_page_id%3D4679104429%26search_page_no%3D0%26search_rank%3D1=,9/25/2025,8/29/2025,
End It,Wrong Side Of Heaven,812,,,Hardcore/punk from Baltimore,https://flatspotrecords.bandcamp.com/album/fsr85-wrong-side-of-heaven?search_item_id%3D69950210%26search_item_type%3Da%26search_match_part%3D%253F%26search_page_id%3D4679106417%26search_page_no%3D0%26search_rank%3D1=,9/25/2025,8/29/2025,Flatspot Records
Guck,Gucked Up,814,,femcon,Punk/noise rock from LA – recommended! ,https://guckitup.bandcamp.com/album/gucked-up,9/25/2025,8/29/2025,Three One G
Anna Tivel,Animal Poem,831,,femcon,"Minimalist indie folk from Portland, Oregon",https://annativel.bandcamp.com/album/animal-poem,9/25/2025,8/29/2025,Fluff & Gravy
Pinkshift,Earthkeeper,837,,"femcon,jammer pick",Energetic hard rock/punk from Baltimore. Suggested by Dante from In The Garage! ,https://pinkshift.bandcamp.com/album/earthkeeper,9/25/2025,8/29/2025,Hopeless Records
Braxton Cook,Not Everyone Can Go,845,,,Super soulful & groovy jazz record. Highly recommended,https://braxtoncook.bandcamp.com/album/not-everyone-can-go,9/25/2025,8/29/2025,Nettwerk
Rebecca Runions,Northern Forecast EP,824,,"cancon,femcon","Traditional singer/songwriter folk vibes from Victoria, BC! ",https://rebeccarunions.bandcamp.com/album/northern-forecast-ep,9/25/2025,8/28/2025,Gotee Records
Roundelays,Regional Romantic,825,,cancon,Chill folk rock from Vancouver ,https://roundelays.bandcamp.com/album/regional-romantic,9/25/2025,8/28/2025,Phonocake
tonk,Wildflower,832,,cancon,Country rock from Vancouver – recommended! ,https://tonky.bandcamp.com/album/wildflower,9/25/2025,8/28/2025,
Kathleen Edwards,Billionaire,802,,"cancon,femcon",Alt folk/country from Ottawa – recommended! ,https://kathleenedwards.bandcamp.com/album/billionaire,9/25/2025,8/22/2025,Dualtone
Hand Habits,Blue Reminder,815,,femcon,Polished alt folk from LA ,https://handhabits.bandcamp.com/album/blue-reminder,9/25/2025,8/22/2025,Fat Possum Records
Hussain Bokhari,Possessions,817,,cancon,Been listening to this one a lot! Excellent bedroom pop/new wave from a Thai Vancouver-based producer – highly recommended,https://hussainbokhari.bandcamp.com/album/possessions,9/25/2025,8/22/2025,Mood Hut
Bill Leeb,Machine Vision,819,,cancon,Industrial/ebm from Vancouver! ,https://frontlineassembly.bandcamp.com/album/machine-vision,9/25/2025,8/22/2025,Metropolis Records
Kaitlyn Aurelia Smith,GUSH,829,,femcon,This latest release draws more on futuristic synth pop aesthetics as well as on her formative forays into ambient & Berlin school – recommended!,https://kaitlynaureliasmith.bandcamp.com/album/gush-2,9/25/2025,8/22/2025,Nettwerk Music Group
Former Critics,I Wanna Be Dramatic,836,,"detroit,femcon,jammer pick",Great rock 'n' roll/punk from Detroit. Shout out to Dante for putting me onto this one! ,https://formercritics.bandcamp.com/album/i-wanna-be-dramatic,9/25/2025,8/22/2025,
Ami Taf Ra,The Prophet and The Madman,842,,femcon,"An epic, cosmic jazz album (typical of releases on Brainfeeder). Features Kamasi Washington, among many other talented musicians. Fans of his solo work or the label should definitely check this one out! ",https://amitafra.bandcamp.com/album/the-prophet-and-the-madman?search_item_id%3D2076360980%26search_item_type%3Da%26search_match_part%3D%253F%26search_page_id%3D4685159337%26search_page_no%3D0%26search_rank%3D1=,9/25/2025,8/22/2025,Brainfeeder
njk,Algorithmic Accompaniment,822,,,Glitchy but loose arrangements oscillating between abstract IDM and ambient. Check this one out if you like Actress or Mark Fell,https://stroomtv.bandcamp.com/album/algorithmic-accompaniment?search_item_id%3D2193625342%26search_item_type%3Da%26search_match_part%3D%253F%26search_page_id%3D4679126125%26search_page_no%3D0%26search_rank%3D1=,9/25/2025,8/19/2025,STROOM „Ä∞
Marshal Herridge,Midsummer Lullaby,803,,cancon,Fans of Chet Baker Sings will love this one! ,https://marshalherridge.bandcamp.com/album/midsummer-lullaby,9/25/2025,8/15/2025,Manifesto Music
Ace Martens,Treble in Paradise,820,,cancon,"Dreamy, grungy post-punk from Vancouver",https://acemartens.bandcamp.com/album/treble-in-paradise,9/25/2025,8/8/2025,Iboga Records
woodini,Untitled 01,834,,,A short & sweet release from France combining drum & bass & chillwave aesthetics,https://woodini.bandcamp.com/album/untitled-01,9/25/2025,8/8/2025,
tummyache,FAKE NEW,838,,"femcon,jammer pick",post-rock/punk from the UK – recommended by Weadee! ,https://tummyachemusic.bandcamp.com/album/fake-new,9/25/2025,8/8/2025,
Greg Ashley,Neon Exotica,806,,,"electric folk/psych country from Oakland, CA – highly recommended! ",https://gregashley.bandcamp.com/album/neon-exotica,9/25/2025,8/5/2025,Trouble in Mind
Mansur Brown,Rihla,843,,,"Visionary & ambitious release – dips heavily into instrumental progterritory & combines these sounds with lush, futuristic synths & drum machines. Highly recommended! ",https://mansurbrown.bandcamp.com/album/rihla,9/25/2025,8/1/2025,Amai
Carla Gover,Kentucky Queen,813,,femcon,Americana/roots from Kentucky – recommended! ,https://carlagover.bandcamp.com/album/kentucky-queen,9/25/2025,7/29/2025,June Appal Records
the body,All the Waters of the Earth Turn to Blood,809,,,"Heavy, sludgy industrial vibes from Portland, Oregon. Recommended! ",https://thebody.bandcamp.com/album/all-the-waters-of-the-earth-turn-to-blood?search_item_id%3D3683519198%26search_item_type%3Da%26search_match_part%3D%253F%26search_page_id%3D4679103566%26search_page_no%3D0%26search_rank%3D1=,9/25/2025,7/25/2025,At a Loss Recordings
SCALP,NOT WORTHY OF HUMAN COMPASSION,826,,,Black metal/grindcore from California ,https://scalpoc.bandcamp.com/album/not-worthy-of-human-compassion,9/25/2025,7/25/2025,Closed Casket Activities
Grimm Grimm,Songs for Death Stranding 2: On The Beach,835,,"femcon,jammer pick","Moody, ethereal pop ballads composed for the new Death Stranding game! Great recommendation by Lalaine",https://grimmgrimm.bandcamp.com/album/songs-for-death-stranding-2-on-the-beach,9/25/2025,7/25/2025,
Nick Sylvester,Stereo Music for Breakbeats and Samplers,793,,,Abstracted breakbeats/idm grooves from LA ,https://nicksylvester.bandcamp.com/album/stereo-music-for-breakbeats-and-samplers,9/25/2025,7/22/2025,Traum Techno Germany
Taylor Holden,Cherry Bomb,799,,"cancon,femcon","Rock 'n' roll from London, ON – recommended! ",https://taylorholden.bandcamp.com/album/cherry-bomb,9/25/2025,7/21/2025,Odd Future Records
Slikback,Attrition,795,,,Dubstep/bass/deconstructed club from Kenya – recommended to fans of experimental electronic! ,https://slikback.bandcamp.com/album/attrition,9/25/2025,7/18/2025,Planet Mu
Art Hirahara,Peace Unknown,816,,,Modern swing from New York – love this one! ,https://arthirahara.bandcamp.com/album/peace-unknown,9/25/2025,7/18/2025,Posi-Tone
Brenda,Bath Time,788,,,Smooth funk/soul from Melbourne – recommended!  ,https://brendamelbourne.bandcamp.com/album/bath-time,9/23/2025,8/22/2025,College Of Knowledge Records
Aversions,Empty Century,790,,cancon,Vancouver alt-rock/post-punk – highly recommended! ,https://aversionsband.bandcamp.com/album/empty-century,9/23/2025,8/22/2025,Manic Depression Records
Abhorrent Expanse,Enter the Misanthropocene,791,,,Cool experimental instrumental rock from Chicago – recommended!,https://abhorrentexpanse.bandcamp.com/album/enter-the-misanthropocene,9/23/2025,8/15/2025,Amalgam
Centuries of Decay,A Monument to Oblivion,787,,cancon,Prog death metal from Toronto ,https://centuriesofdecay.bandcamp.com/album/a-monument-to-oblivion,9/23/2025,8/1/2025,
Black Magnet,Megamantra,789,,,Goth/industrial metal from Oklahoma,https://blckmgnt.bandcamp.com/album/megamantra-2,9/23/2025,7/25/2025,
Jessie Bird,The Way Love Goes,781,,"cancon,femcon",Folk/country from rural Alberta ,https://jessiebirdmusic.bandcamp.com/album/the-way-love-goes-2,9/19/2025,8/29/2025,GOGO
The World is a Beautiful Place & I am No Longer Afraid to Die,Dreams of Being Dust,783,,,Post-hardcore/skramz/emo from Philadelphia!,https://theworldis.bandcamp.com/album/dreams-of-being-dust,9/19/2025,8/22/2025,Epitaph
jed and the valentine,"in like a lion, out like a lamb",780,,"cancon,femcon","Polished, soulful release from an Edmonton folk-pop duo ",https://jedandthevalentine.bandcamp.com/album/in-like-a-lion-out-like-a-lamb,9/19/2025,8/15/2025,
San Gabriel,Nights and Weekends,785,,,Hazy but energetic bedroom pop/synthpop ,https://sangabriel.bandcamp.com/album/nights-and-weekends,9/19/2025,8/15/2025,Share It Music
motel suicide,odd kids,784,,cancon,Acoustic-driven & lo-fi heartfelt folk songs from Nova Scotia,https://motelsuicide.bandcamp.com/album/odd-kids,9/19/2025,8/3/2025,
Dusk,REPOKA,754,,,This one is a treat for those who enjoy that intersection of sounds between industrial & metal. Great textures & rhythms on this one ,https://duskvt.bandcamp.com/album/repoka,9/17/2025,8/29/2025,Epidemie Records
Greg Freeman,Burnover,729,,,Alt-country/folk-rock from Vermont – recommended,https://gregfreeman1.bandcamp.com/album/burnover,9/17/2025,8/22/2025,Transgressive Records
CROP,S.S.R.I,751,,,"Sludgy, grungy metal from Kentucky – recommended ",https://legalizecrop.bandcamp.com/album/s-s-r-i,9/17/2025,8/22/2025,Third House Communications
Spaceface,Lunar Manor,771,,femcon,Cheerful psych pop/rock from LA. This completely captures the essence of the genre – highly recommended! ,https://spaceyourface.bandcamp.com/album/lunar-manor,9/17/2025,8/22/2025,Mothland Records
Hundreds of AU,Life In Parallel,779,,,Hardcore/skramz/emo from New Jersey,https://hundredsofau.bandcamp.com/album/life-in-parallel,9/17/2025,8/22/2025,Iodine Recordings
War Eyes,Let The Sun Rise,775,,cancon,"This release draws on punk, hard rock, & grunge – fans of these genres will likely enjoy! ",https://wareyes.bandcamp.com/album/let-the-sun-rise,9/17/2025,8/21/2025,Org Music
hiroki,Ukiyo,757,,cancon,Dubby & minimal techno from Toronto – recommended!,https://markhiroki.bandcamp.com/album/ukiyo,9/17/2025,8/19/2025,Hyperium Records
Georgia Lee Johnson,Child of My Heart,760,,"cancon,femcon",Alt-folk from Vancouver – recommended ,https://georgialeejohnson1.bandcamp.com/album/child-of-my-heart,9/17/2025,8/18/2025,
Kerosene Heights,Blame It On The Weather,731,,,North Carolina pop punk!,https://keroseneheights.bandcamp.com/album/blame-it-on-the-weather,9/17/2025,8/15/2025,SideOneDummy Records
Marissa Nadler,New Radiations,735,,femcon,Cosmic dream folk from Nashville – highly recommended ,https://marissanadler.bandcamp.com/album/new-radiations,9/17/2025,8/15/2025,Sacred Bones Records
Pile,Sunshine and Balance Beams,737,,,Post-hardcore/post-punk/rock vibes – love the production on this one. Highly recommended,https://pile.bandcamp.com/album/sunshine-and-balance-beams,9/17/2025,8/15/2025,Sooper Records
Pool Kids,Easier Said Than Done,738,,femcon,Dream/alt pop with 2000s pop-punk influences from Florida – highly recommended!,https://poolkidsband.bandcamp.com/album/easier-said-than-done,9/17/2025,8/15/2025,Epitaph
she's green,Chrysalis,740,,femcon,Top notch shoegaze/dream pop from Minnesota – check this one out! ,https://shesgreen.bandcamp.com/album/chrysalis,9/17/2025,8/15/2025,Photo Finish Records
Tebby & The Heavy,Heavy Afternoon,744,,"cancon,femcon","A unique blend of psych rock, shoegaze, and surf aesthetics from Edmonton – highly recommended",https://tebbyandtheheavy.bandcamp.com/album/heavy-afternoon,9/17/2025,8/15/2025,
Tuxis Giant,You Won't Remember This,745,,,Warm alt-country/folk from Boston – highly recommended!,https://tuxisgiant.bandcamp.com/album/you-wont-remember-this,9/17/2025,8/15/2025,Worry Bead
Ida Diana Maidstone,Angel Food,758,,"cancon,femcon","Ethereal dance pop from BC drawing on early 2000s ambient + ""fantasy"" aesthetics – recommended! ",https://idadianamaidstone.bandcamp.com/album/angel-food,9/17/2025,8/15/2025,Last Affair Records
Cass McCombs,Interior Live Oak,761,,,Great release from an iconic singer-songwriter ,https://cassmccombs.bandcamp.com/album/interior-live-oak,9/17/2025,8/15/2025,Domino
PlainsPeak,Someone to Someone,766,,,Improvisational jazz from Chicago ,https://jonirabagon.bandcamp.com/album/someone-to-someone,9/17/2025,8/15/2025,
Joseph Decosimo,Fiery Gizzard,777,,,Old time folk in the tradition of the Appalachian South. Super polished.,https://josephdecosimo.bandcamp.com/album/fiery-gizzard,9/17/2025,8/15/2025,Dear Life Records
ivri,the theory of you,759,,femcon,Bedroom pop/shoegaze from New York – highly recommended! ,https://ivri.bandcamp.com/album/the-theory-of-you,9/17/2025,8/14/2025,
Arjen Ordeman,Meh,747,,cancon,"Lo-fi, jangly slo-mo rock from Surrey, BC. Recommended.",https://arjenordeman.bandcamp.com/album/meh,9/17/2025,8/10/2025,
 Field Medic,surrender instead,728,,,Cozy indie folk – recommended,https://fieldmedic.bandcamp.com/album/surrender-instead,9/17/2025,8/8/2025,
Gordi,Like Plasticine,730,,femcon,"Lo-fi, hazy, & spacious indie folk from Melbourne",https://gordi.bandcamp.com/album/like-plasticine,9/17/2025,8/8/2025,Mushroom Music
Odd Man Out,Conviction,734,,,Hardcore punk from Seattle – good stuff!,https://odd-man-out.bandcamp.com/album/conviction,9/17/2025,8/8/2025,
Borracho,Ouroboros,749,,,"Doom metal/heavy psych rock from Washington, D.C. – nice grooves! ",https://borracho.bandcamp.com/album/ouroboros,9/17/2025,8/8/2025,Ripple Music
Superstar Crush,Way Too Much,743,,femcon,Energetic power pop from Hamilton – recommended,https://superstarcrush.bandcamp.com/album/way-too-much,9/17/2025,8/5/2025,
Garden Dog,Antidepresso Expresso,755,,cancon,"Loose instrumental prog rock from Victoria, BC with lots of synth elements ",https://gardendog.bandcamp.com/album/antidepresso-expresso,9/17/2025,7/31/2025,
Fever Ray,The Year Of The Radical Romantics,727,,cancon,"Experimental, futuristic, & unique pop from Sweden",https://feverray.bandcamp.com/album/the-year-of-the-radical-romantics,9/17/2025,7/25/2025,Mute
747,Pacific Spirit,746,,cancon,This one's a treat for lovers of atrmospheric 90s jungle and drum & bass!,https://aquaregiarec.bandcamp.com/album/pacific-spirit,9/17/2025,7/25/2025,Aquaregia
Rebecca Schiffman,Before the Future,768,,femcon,Chamber-pop/alt-folk from LA – recommended! ,https://rebeccaschiffman.bandcamp.com/album/before-the-future,9/17/2025,7/25/2025,
Snake Lips,Cat Beach,769,,,Fuzzy garage rock from Portland ,https://snakelips.bandcamp.com/album/cat-beach,9/17/2025,7/25/2025,Lofi Records
WIld Iris Brass Band,Way Up,776,,,"Fun release! If you like funky brass bands, this one is for you",https://earuprecords.bandcamp.com/album/way-up?_gl=1*bqllja*_ga*MTYyNzEwNjgyNi4xNzQ0MjA5MjQ5*_ga_ET65GDKLTR*czE3NTgwMzcyMTAkbzEkZzEkdDE3NTgwMzcyNDQkajYwJGwwJGgw,9/17/2025,7/25/2025,
Love Life,Demo II,732,,"femcon,cancon",Garage-oriented 90s pop punk from Victoria ,https://l0ve-l1fe.bandcamp.com/album/demo-ii,9/17/2025,7/21/2025,Salsoul Records
Negative Charge,Negative Charge,763,,cancon,Winnipeg Hardcore,https://neontasterecords.bandcamp.com/album/negative-charge,9/17/2025,7/21/2025,
Luke Tyler Shelton,Blue Sky,741,,,"Easy, laidback bluesy country from LA. Highly recommended. ",https://luketylershelton.bandcamp.com/album/blue-sky,9/17/2025,7/18/2025,Warner Bros. Records
Coral Grief,Air Between Us,756,,femcon,Dream pop from Seattle – highly recommended ,https://coralgrief.bandcamp.com/album/air-between-us,9/17/2025,7/18/2025,Suicide Squeeze Records
Sta Dormida,More Like Never,742,,femcon,Y2k dream pop/shoegaze vibes from California – love this one ,https://stadormida.bandcamp.com/album/more-like-never,9/17/2025,7/17/2025,
Chip Wickham,The Eternal Now,717,,jammer pick,Top notch spiritual jazz from Spain – highly recommended! Cheers to Pascal for showing me this artist,https://chipwickham.bandcamp.com/album/the-eternal-now,9/11/2025,9/5/2025,Gondwana Records
Case Oats,Last Missouri Exit,722,,femcon,Fun folk/country from Chicago – recommended! ,https://caseoats.bandcamp.com/album/last-missouri-exit,9/11/2025,8/22/2025,Polyvinyl
Mac DeMarco,Guitar,725,,cancon,Absolutely lovely & minimal laidback release from a legendary Canadian artist. I love the musical direction he's taken lately! ,https://macdemarco.bandcamp.com/album/guitar,9/11/2025,8/22/2025,
Smokey AB,Bleak Heritage,707,,cancon,Alt psych country from Edmonton – recommended,https://smokeysings.bandcamp.com/album/bleak-heritage,9/11/2025,8/16/2025,
Shaki Tavi,Minor Slip,706,,,Fuzzy shoegaze from LA – highly recommended,https://shakitavi.bandcamp.com/album/minor-slip,9/11/2025,8/15/2025,Felte
Kent Burnside,Hill Country Blood,711,,,Blues-rock – top notch ,https://kentburnside.bandcamp.com/album/hill-country-blood,9/11/2025,8/15/2025,
Alex Rake and the Leaves,6 or 7 Songs,704,,cancon,Folk punk from BC,https://alexrake.bandcamp.com/album/6-or-7-songs,9/11/2025,8/8/2025,
Anamanaguchi,Anyway,721,,,"Catchy, pop-oriented, & energetic noise rock – recommended! ",https://anamanaguchi.bandcamp.com/album/anyway?search_item_id%3D3594534375%26search_item_type%3Da%26search_match_part%3D%253F%26search_page_id%3D4645681763%26search_page_no%3D0%26search_rank%3D1=,9/11/2025,8/8/2025,
COMPANDER,Vivianite,724,,cancon,Glitchy bedroom electronica/IDM vibes from New Brunswick – solid release! ,https://compander.bandcamp.com/album/vivianite?search_item_id%3D3197325515%26search_item_type%3Da%26search_match_part%3D%253F%26search_page_id%3D4645686054%26search_page_no%3D0%26search_rank%3D1=,9/11/2025,8/2/2025,Bad Time Records
Laura Groves,Yes,701,,femcon,"Soulful pop from London, UK. Recommended! ",https://lauragroves.bandcamp.com/album/yes,9/11/2025,8/1/2025,Bella Union
Rex Tycoon,No Limit 2 Luv,705,,,Indie/garage rock mixed with post-punk – highly recommended! ,https://rextycoon.bandcamp.com/album/no-limit-2-luv,9/11/2025,8/1/2025,Pop Wig Records
Dave McCann,Soothsayer's Blues,714,,cancon,Roots/folk from Alberta ,https://davemccann.bandcamp.com/album/soothsayers-blues-2,9/11/2025,8/1/2025,
Rachael & Vilray,West of Broadway,715,,femcon,"Lots to love about this vocal jazz release – the vibraphone, sax, & the guitars. Recommended! ",https://rachaelandvilray.bandcamp.com/album/west-of-broadway,9/11/2025,8/1/2025,Concord Jazz
Andrew Staniland,The Laws of Nature,716,,cancon,,https://andrewstaniland.bandcamp.com/album/the-laws-of-nature,9/11/2025,8/1/2025,Leaf Music
Laurén Maria,You're Beautiful,718,,"jammer pick,femcon","Ethereal, lush experimental ambient – a unique blend of artifical/futuristic and organic aesthetics! Shout out to Pascal from RCZ for recommending this one",https://laurenmaria.bandcamp.com/album/youre-beautiful,9/11/2025,8/1/2025,Katuktu Collective
GoldenChild,"SPELLBOOK, VOL.1",713,,cancon,"Great beat tape! For fans of the art of hip-hop sampling, this one is a real treat",https://goldenchild7.bandcamp.com/album/spellbook-vol-1,9/11/2025,7/29/2025,
The Beths,Straight Line Was A Lie,668,,"femcon,jammer pick","Jangly indie pop/rock from New Zealand – highly recommended. Thanks for the suggestion, Trevor! ",https://thebethsnz.bandcamp.com/album/straight-line-was-a-lie,9/10/2025,8/29/2025,Anti‚Äê
Margo Price,Hard Headed Woman,669,,"femcon,jammer pick",Polished classic country/americana vibes from Nashville – recommended! Suggested by Trevor from GSG,https://margoprice.bandcamp.com/album/hard-headed-woman,9/10/2025,8/29/2025,Loma Vista Recordings
Ellen Braun,The Doldrums,694,,"cancon,femcon",Indie folk from Alberta – good production! ,https://ellenbraun.bandcamp.com/album/the-doldrums,9/10/2025,8/22/2025,Paw Tracks
Pelados,Contato,670,,"femcon,jammer pick","Psychdedelic & leftfield (yet catchy) bedroom pop rock from Sao Paolo, Brazil. Recommended! Excellent pick from Trevor K. ",https://pelados.bandcamp.com/album/contato,9/10/2025,8/21/2025,Selo RISCO
Brainium,Abduction,688,,cancon,"Alt rock/metal from Prince George, BC",https://brainiumofficial.bandcamp.com/album/abduction,9/10/2025,8/16/2025,Avatar Records
pseudo-antigone,Melancholic Melodrama,682,,"cancon,femcon",Experimental/hyper-pop from Edmonton,https://pseudo-antigone.bandcamp.com/album/melancholic-melodrama,9/10/2025,8/15/2025,Warner Music Finland
Garage Sale,Any Day Now,695,,,"Lo-fi bedroom pop/shoegaze vibes from Melbourne, Australia – recommended! ",https://garagesale.bandcamp.com/album/any-day-now,9/10/2025,8/15/2025,Other People Records
9Million,9Million,672,,cancon,Hazy y2k dream pop/shoegaze vibes from Toronto – recommended,https://9000000.bandcamp.com/album/9million-2,9/10/2025,8/12/2025,
POSTNAMERS,CITY SONGS,681,,cancon,Post-pop/sound collage with goth aesthetics from Calgary,https://postnamers.bandcamp.com/album/city-songs,9/10/2025,8/9/2025,NMC Music
No Joy,Bugland,680,,"cancon,femcon",Innovative yet timeless & unique dream pop/shoegaze from Montreal – highly recommended! ,https://nojoy.bandcamp.com/album/bugland,9/10/2025,8/8/2025,Sonic Cathedral Recordings
T. Hardy Morris,Artificial Tears,697,,,"Lo-fi, chill rock/alt country vibe. Highly recommended! ",https://thardymorris.bandcamp.com/album/artificial-tears,9/10/2025,8/8/2025,Normaltown Records
Bungalow Jonathan,Bungalow Heaven,689,,cancon,"Psychedelic, bluesy, & super chill canadiana from London, ON. Highly recommended! ",https://bungalowjonathan.bandcamp.com/album/bungalow-heaven,9/10/2025,8/7/2025,
The Wood Brothers,Puff of Smoke,671,,,Bluesy rock & alt country vibes from Nashville!,https://thewoodbrothers.bandcamp.com/album/puff-of-smoke,9/10/2025,8/1/2025,Honey Jar Records
Jake Nicoll,Saturn Returns,699,,cancon,Bedroom pop from St. John's! ,https://jakenicoll.bandcamp.com/album/saturn-returns,9/10/2025,8/1/2025,
Bicep,TAKKUUK (Original Soundtrack),673,,,"""TAKKUUK is a new immersive installation from BICEP, visual artist Zak Norman and filmmaker Charlie Miller that explores the lives, communities and challenges facing artists Indigenous to the Arctic Region.""",https://bicep.bandcamp.com/album/takkuuk-original-soundtrack,9/10/2025,7/25/2025,Ninja Tune
Golomb,The Beat Goes On,677,,femcon,"Fuzzy, lo-fi, experimental rock slacker vibes from Ohio. Recommended! ",https://golomb.bandcamp.com/album/the-beat-goes-on,9/10/2025,7/25/2025,No Quarter Records
leon todd johnson,wa kei sei jaku,678,,,New age/ambient jazz from Indiana – recommended! ,https://airportpeople.bandcamp.com/album/wa-kei-sei-jaku,9/10/2025,7/25/2025,Columbia
Why Bonnie,The Bedroom EP,687,,femcon,"Chill, dreamy alt-country vibes from Brooklyn – short and sweet EP",https://whybonnie.bandcamp.com/album/the-bedroom-ep,9/10/2025,7/25/2025,Fire Talk
dog eyes,blue bird rain cloud,693,,femcon,"Mellow, warm folk from Oakland, CA",https://dogeyesforever.bandcamp.com/album/blue-bird-rain-cloud,9/10/2025,7/25/2025,Benbecula
Giant Claw,Decadent Stress Chamber,676,,,"An intricate fusion of progressive/experimental electronic & whimsical art pop from the head of one of my favourite labels, Orange Milk Records. Recommended to fans of OPN & similar artists",https://giantclaw.bandcamp.com/album/decadent-stress-chamber,9/10/2025,7/24/2025,Orange Milk Records
Dead Tooth,Dead Tooth,674,,,Gothic neo-psych/post-punk from Brooklyn – recommended,https://deadtoothbk.bandcamp.com/album/dead-tooth,9/10/2025,7/18/2025,Trash Casual
keening,you are so small and the world is so big,679,,cancon,Skramz from Toronto!,https://wearekeening.bandcamp.com/album/you-are-so-small-and-the-world-is-so-big,9/10/2025,7/18/2025,
TOPS,Bury the Key,616,,"cancon,femcon,jammer pick",Much requested! Psych soft rock/pop from Montreal. Great release. ,https://tops.bandcamp.com/album/bury-the-key,9/3/2025,8/22/2025,Ghostly International
The Silver Sardines,"Little Man, What Now?",655,,cancon,Nostalgic yet fresh trad folk/alt country from Montreal,https://thesilversardines.bandcamp.com/album/little-man-what-now,9/3/2025,8/22/2025,
TJ Felix,Proof of Consciousness Pt.1,644,,cancon,Lo-fi. gritty weirdo bedroom punk from Vancouver,https://tjfelix.bandcamp.com/album/proof-of-consciousness-pt-1,9/3/2025,8/21/2025,
Garry Burnside,It’s My Time Now,662,,,Classic Missisipi blues rock – recommended,https://garryburnside.bandcamp.com/album/it-s-my-time-now,9/3/2025,8/15/2025,D‚ÄôVille Record Group
GLADHANDING,GLADHANDING,646,,,"Glitchy & noisy indie pop – unique, cool release",https://peopleplacesrecords.bandcamp.com/album/gladhanding,9/3/2025,8/8/2025,
Ada Lea,when i paint my masterpiece,651,,"cancon,femcon",Polished indie folk from Montreal – recommended,https://adaleamusic.bandcamp.com/album/when-i-paint-my-masterpiece,9/3/2025,8/8/2025,Saddle Creek Records
Teethe,Magic Of The Sale,657,,,Texas slowcore – recommended! ,https://teethe.bandcamp.com/album/magic-of-the-sale,9/3/2025,8/8/2025,Winspear
BUNS,Joyride,636,,cancon,"Funky, bluesy alt rock from Calgary ",https://buns.bandcamp.com/album/joyride,9/3/2025,8/7/2025,Blue Note
The Armed,THE FUTURE IS HERE AND EVERYTHING NEEDS TO BE DESTROYED,618,,detroit,Top notch heavy punk from Detroit – recommended! ,https://thearmed.bandcamp.com/album/the-future-is-here-and-everything-needs-to-be-destroyed,9/3/2025,8/1/2025,Sargent House
Gingerbee,Apiary,621,,cancon,"An ""internet band/collaboration"" combining emo, jazz, and skramz – very unique!",https://gingerbee.bandcamp.com/album/apiary,9/3/2025,8/1/2025,
Hedonist,SCAPULIMANCY,622,,cancon,Black/thrash metal from BC – solid release!,https://hedonistsl.bandcamp.com/album/scapulimancy,9/3/2025,8/1/2025,Southern Lord
Sofia Kourtesis,Volver,626,,femcon,Excellent latin-influenced electro/pop from Berlin – highly recommended,https://sofiakourtesis.bandcamp.com/album/volver,9/3/2025,8/1/2025,Ninja Tune
Jesse Mac Cormack,JOY,628,,cancon,"Upbeat, energetic synthwave-inspired electroica from Montreal",https://jessemaccormack.bandcamp.com/album/joy-2,9/3/2025,8/1/2025,Secret City Records
niloo,Sour Cherry,630,,"cancon,femcon","""Iranian-inspired dreampop & psychedelia"" – highly recommended! ",https://niloo.bandcamp.com/album/sour-cherry,9/3/2025,8/1/2025,kranky
Area Resident,protanopia,635,,cancon,Ottawa alt/indie rock ,https://arearesident.bandcamp.com/album/protanopia,9/3/2025,8/1/2025,Record Centre Records
DRUG SAUNA,Druggernaut,640,,cancon,Calgary doom/sludge metal ,https://drugsauna.bandcamp.com/album/druggernaut,9/3/2025,8/1/2025,
Sex Week,Upper Mezzanine,654,,femcon,Hazy dream pop from Brooklyn,https://sexweek.bandcamp.com/album/upper-mezzanine,9/3/2025,8/1/2025,Grand Jury Music
The New Eves,The New Eve Is Rising,658,,femcon,Experimental & unique post-punk from the UK – recommended! ,https://theneweves.bandcamp.com/album/the-new-eve-is-rising,9/3/2025,8/1/2025,Transgressive Records
Beau Wheeler,Trans,661,,"femcon,lgbtq,cancon",Vancouver synth pop ,https://beauwheeler.bandcamp.com/album/trans,9/3/2025,8/1/2025,Geffen Records
Twitch,dark music for a dark generation,659,,cancon,Industrial electronic/post-punk from Calgary – cool cyberpunk vibes. Note: Explicit Lyrics!,https://twitch-official.bandcamp.com/album/dark-music-for-a-dark-generation,9/3/2025,7/31/2025,
The Dirty Nil,The Lash,620,,cancon,Hamilton grunge/punk – highly recommended! ,https://thedirtynil.bandcamp.com/album/the-lash,9/3/2025,7/25/2025,Dine Alone Records
The Jack Moves,Love Machine,623,,,Retro & funky soul/disco – highly recommended! ,https://thejackmoves.bandcamp.com/album/love-machine,9/3/2025,7/25/2025,Wax Poetics Records
Kutiman,Dreams In Aspamia,627,,,"""a stunning new 6-track EP of dreamy, instrumental cinematic funk, rich with trip-hop, jazz, and global music textures""",https://kutiman.bandcamp.com/album/kutiman-dreams-in-aspamia,9/3/2025,7/25/2025,Siyal
Galore,Dirt,645,,femcon,Jangly indie rock/pop from San Francisco – highly recommended,https://galoresf.bandcamp.com/album/dirt,9/3/2025,7/25/2025,Speakeasy Studios SF
MINOR GOLD,Way to the Sun,665,,,Smooth Australian folk-rock – recommended! ,https://minorgold.bandcamp.com/album/way-to-the-sun,9/3/2025,7/25/2025,
KERUB,APHANTASIA,625,,,Unique leftfield/deconstructed electronica/ambient! ,https://kopirecs.bandcamp.com/album/aphantasia,9/3/2025,7/24/2025,Hunnia Records
Kailee Duggan,Train of Thought,617,,"cancon,femcon",Great jazzy folk-pop from BC!,https://kaileeduggan.bandcamp.com/album/train-of-thought,9/3/2025,7/22/2025,Hardcore Blasters
Walter Mitty and His Makeshift Orchestra,Yikes Almighty,633,,,Warm & charming folk-pop; laid back vibes! ,https://walteretc.bandcamp.com/album/yikes-almighty,9/3/2025,7/18/2025,Making New Enemies
Ryan Keberle's Collectiv do Brasil,Choro das Aguas,649,,,Fans of Brazilian jazz will love this one. Classic & modern! ,https://ryankeberle.bandcamp.com/album/choro-das-aguas,9/3/2025,7/18/2025,Alternate Side Records
Maddisun,The Pages (Chapter 1),653,,"cancon,femcon",Polished bluesy indie country from BC – recommended! ,https://maddisun.bandcamp.com/album/the-pages,9/3/2025,7/18/2025,
Eternal Drak,The Warrior Order,643,,cancon,Old school black/thrash metal vibes from Quebec City,https://eternaldrak.bandcamp.com/album/the-warrior-order,9/3/2025,7/17/2025,
Western Bloc,The Modern Age,614,,cancon,A mellower release from Western Bloc that blends post-punk vibes with pianos & strings,https://westernbloc.bandcamp.com/album/the-modern-age,8/28/2025,8/23/2025,XL Recordings
Wedding,7 songs for tree climbing,611,,cancon,Toronto-based bedroom synth/indie pop,https://songsbywedding.bandcamp.com/album/7-songs-for-tree-climbing-2,8/28/2025,8/8/2025,RCA
yeemz,Blame The Gods,612,,femcon,Indie pop/folk from LA,https://yeemzcello.bandcamp.com/album/blame-the-gods-3,8/28/2025,7/18/2025,Harbour Artists & Music
Hose,Split LP with A Recorded Dawn,579,,cancon,Noise-rock/post-hardcore from BC! Recommended. ,https://givemebackmyhose.bandcamp.com/album/split-lp-with-a-recorded-dawn,8/27/2025,7/26/2025,
Patty Griffin,Crown of Roses,556,,"femcon,jammer pick",Polished & timeless Americana – recommended! Suggested by Trevor from GSG,https://open.spotify.com/album/2BdNjrSKbVG87s2Rok0LRK?si=nN3d3bbPSVqxGLOZ8iY_KQ,8/27/2025,7/25/2025,PGM
Folk Bitch Trio,Now Would Be A Good Time,567,,femcon,Top notch folk from Australia – check this one out! ,https://folkbitchtrio.bandcamp.com/album/now-would-be-a-good-time,8/27/2025,7/25/2025,Jagjaguwar
Indigo De Souza,Precipice,568,,femcon,"Polished pop album spanning folk, electronic, and rock. Highly recommended! ",https://indigodesouza.bandcamp.com/album/precipice,8/27/2025,7/25/2025,Loma Vista Recordings
Onion Honey,Banjo Church,572,,"cancon,femcon","Americana/bluegrass drawing on gospel from Waterloo, ON!",https://onionhoney.bandcamp.com/album/banjo-church,8/27/2025,7/25/2025,Rounder
Bleary Eyed,Easy,581,,,Dream pop/shoegaze from Philadelphia – recommended! ,https://blearyeyed.bandcamp.com/album/easy,8/27/2025,7/25/2025,Born Losers Records
False Gods,Lost in Darkness and Distance,588,,,Doom/sludge metal from New York,https://falsegods1.bandcamp.com/album/lost-in-darkness-and-distance,8/27/2025,7/25/2025,
Far Caspian,Autofiction,589,,,Dream-pop from the UK,https://farcaspian.bandcamp.com/album/autofiction,8/27/2025,7/25/2025,Dance to the Radio
Kali Horse,2099,597,,"cancon,femcon",Dream/psych pop + shoegaze vibes from Toronto – recommended! ,https://kalihorse.bandcamp.com/album/2099,8/27/2025,7/25/2025,
Kurt Vile and Luke Roberts,Classic Love (ep),603,,jammer pick,"Smooth, laid-back jangly alt-folk from a prolific legend – cheers to Mr. T for suggesting this one! ",https://open.spotify.com/album/6AKsAJOKcpD8khaDacJv7j?si=4gKpWqKuQ3e2wM4_j2UzVQ,8/27/2025,7/25/2025,Verve
Quadeca,"Vanisher, Horizon Scraper",608,,,Ambient art pop from LA ,https://quadecax8.bandcamp.com/album/vanisher-horizon-scraper,8/27/2025,7/25/2025,X8 Music
Ryan Davis & the Roadhouse Band,New Threats from the Soul,609,,,Experimental indie folk from Indiana – recommended,https://sophomorelounge.bandcamp.com/album/ryan-davis-the-roadhouse-band-new-threats-from-the-soul,8/27/2025,7/25/2025,
Natalie Bergman,My Home Is Not In This World,558,,"femcon,jammer pick","Ethereal, breezy gospel-influenced indie pop from Chicago. Highly recommended! Thanks for the rec, Trevor!",https://nataliebergman.bandcamp.com/album/my-home-is-not-in-this-world,8/27/2025,7/18/2025,Third Man Records
Dominique Adams,To Keep,563,,"cancon,femcon",Gentle alt-folk from Edmonton – recommended! ,https://dominiqueadams.bandcamp.com/album/to-keep,8/27/2025,7/18/2025,Birthday Cake
William Carn,CHOICES - The Unburdening,565,,cancon,Toronto-based instrumental electronic-oriented jazz. Cool release! ,https://williamcarn.bandcamp.com/album/choices-the-unburdening?search_item_id%3D2004104910%26search_item_type%3Da%26search_match_part%3D%253F%26search_page_id%3D4603022574%26search_page_no%3D0%26search_rank%3D1=,8/27/2025,7/18/2025,
Sunforger,Auspices,578,,cancon,Shoegaze-y dreamy rock from Montreal – highly recommended! ,https://sunforger.bandcamp.com/album/auspices,8/27/2025,7/18/2025,Cooked Raw
Dear Evangeline,Other Side,586,,"cancon,femcon",Sludgy hardcore from Brampton!,https://dear-evangeline.bandcamp.com/album/other-side,8/27/2025,7/18/2025,Sequence Records
fionavair,Gauntlet,590,,"cancon,femcon",Dreamy jangle pop/shoegaze from Montreal – highly recommended!,https://fionavair.bandcamp.com/album/gauntlet,8/27/2025,7/18/2025,Editions Mego
Madeline Kenney,Kiss from the Balcony,598,,femcon,"Art rock/dream pop from Oakland, California. Recommended! ",https://madelinekenney.bandcamp.com/album/kiss-from-the-balcony,8/27/2025,7/18/2025,Carpark Records
Mary Ancheta,Rituals,604,,"femcon,cancon",Orchestral instrumentation meets soul-jazz & soundscape aesthetics,https://maryanchetamusic.bandcamp.com/album/rituals-2,8/27/2025,7/18/2025,2124808 MAQ
Natalie Inga,Know When to Leave,569,,"cancon,femcon",Jazzy neo-soul from Alberta – recommended,https://natalieinga.bandcamp.com/album/know-when-to-leave,8/27/2025,7/16/2025,Nonesuch
Constellation Myths,The Cost of Living,584,,femcon,Experimental folk/post-rock vibes from Boston,https://constellationmyths.bandcamp.com/album/the-cost-of-living,8/27/2025,7/16/2025,
Wombo,Danger in Fives,540,,"femcon,jammer pick","Dreamy, psychdelic post-punk from Kentucky. Recommended. Cheers to Murad for this unique pick! ",https://womborocks.bandcamp.com/album/danger-in-fives,8/20/2025,8/8/2025,Fire Talk
Osees,ABOMINATION REVEALED AT LAST,542,,jammer pick,Yet another stellar release from one of the prolific legends of shredding psych rock – highly recommended! Suggested by Murad,https://ohsees.bandcamp.com/album/abomination-revealed-at-last,8/20/2025,8/8/2025,DEATHGOD CORP
Fabia Mantwill Orchestra,IN.SIGHT,530,,femcon,Contemporary neo-classical spanning (mostly) jazz with some folk & orchestral. A great record!,https://fabiamantwill.bandcamp.com/album/in-sight?search_item_id%3D2179139871%26search_item_type%3Da%26search_match_part%3D%253F%26search_page_id%3D4578392004%26search_page_no%3D0%26search_rank%3D1=,8/20/2025,7/25/2025,
Morgan-Paige,Resurrectio: Act III,541,,"cancon,femcon,indigenous,jammer pick","A unique mix of goth aesthetics spanning alt-pop, rock, & electronic. Shout out to Murad for suggesting this one! ",https://morgan-paige.bandcamp.com/album/resurrectio-act-iii,8/20/2025,7/25/2025,
Freddie Gibbs & The Alchemist,Alfredo 2,543,,jammer pick,"Brilliant & unique smooth underground vibes from one of my favourite collaborations in hip-hop today. If you haven't heard this one, definitely check it out if you're a hip-hop head, but be warned – explicit lyrics! ",https://www.youtube.com/watch?v=6ylAvz0eaZ0,8/20/2025,7/25/2025,ALC Records
Fortunato Durutti Marinetti,"Bitter Sweet, Sweet Bitter",550,,"cancon,femcon",Jazzy art rock from Toronto – highly recommended! ,https://fortunatoduruttimarinetti.bandcamp.com/album/bitter-sweet-sweet-bitter,8/20/2025,7/25/2025,We Are Time
Still Depths,Like Hell!,515,,cancon,Unique experimental/noise rock from Vancouver. Recommended! ,https://stilldepths.bandcamp.com/album/like-hell,8/20/2025,7/18/2025,
Forth Wanderers,The Longer This Goes On,525,,,"Jangly, dreamy vibes from New Jersey – highly recommended",https://forthwanderers.bandcamp.com/album/the-longer-this-goes-on,8/20/2025,7/18/2025,Sub Pop Records
salute,"TRUE MAGIC, DELUXE",529,,,"A cool & futuristic collection of french house, garage, & techno vibes from Manchester. Highly recommended! ",https://saluteaut.bandcamp.com/album/true-magic-deluxe,8/20/2025,7/18/2025,Ninja Tune
Laura Jane Grace,Adventure Club,548,,femcon,High-energy Chicago punk,https://laurajanegrace.bandcamp.com/album/adventure-club,8/20/2025,7/18/2025,Polyvinyl Record Co.
DROUGHT,Souvenir,549,,,Post-Hardcore from the Bay Area,https://droughtsounds.bandcamp.com/album/souvenir,8/20/2025,7/18/2025,Iodine Recordings
Georgia Harmer,Eye of the Storm,505,,"cancon,femcon",Folk singer-songwriter from Toronto – recommended release ,https://georgiaharmer.bandcamp.com/album/eye-of-the-storm,8/18/2025,8/15/2025,Arts & Crafts
MASSIRRAYTORR,LUNAR DAWN,503,,cancon,"Heavy riff/stoner rock from Nanaimo, BC",https://massirraytorr.bandcamp.com/album/lunar-dawn,8/18/2025,8/8/2025,Fuzzed Up & Astromoon Records
Piero Baiani,Scallywag,504,,cancon,"Alt rock from Moncton, NB",https://pierobaiani.bandcamp.com/album/scallywag,8/18/2025,8/1/2025,"Deep, Dark & Dangerous"
Doll,"Better Days, Different Times",491,,"cancon,femcon",Hard rock from Ottawa,https://doll.bandcamp.com/album/better-days-different-times,8/13/2025,7/18/2025,
My Son The Hurricane,"Yesterday, Today, and Tomorrow",134,,"cancon,femcon","Blends New Orleans style grooves with funk, jazz, and hiphop",https://mysonthehurricane.bandcamp.com/album/yesterday-today-and-tomorrow,6/27/2025,11/20/2025,
Mark Pritchard & Thom Yorke,Tall Tales,3259,,,A very interesting collaboration! A unique blend of hypnagogic pop vibes & intricate but loose IDM-adjacent instrumentals. ,https://markpritchard.bandcamp.com/album/tall-tales,6/5/2025,9/20/2025,2112 Records